unbounded_fraction,alpha,exponent,coalition_size,kappa,truthful_share,capture_ratio,capture_ratio_formula,budget_captured,budget_captured_solo_sum,superadditive,outsider_loss,welfare_loss
0.6041666666666666,0.0,inf,1,1.5,0.3541666666666667,1.0,nan,0.6041666666666666,0.6041666666666666,False,0.9583333333333334,0.09510105809740808
0.6458333333333334,0.0,inf,2,1.5,0.3541666666666667,1.0,nan,0.6458333333333334,1.5208333333333333,False,1.0,0.03868010022316327
0.6458333333333334,0.0,inf,3,1.5,0.3541666666666667,1.0,nan,0.6458333333333334,2.4166666666666665,False,1.0,0.03662193670899123
0.6041666666666666,0.0,inf,4,1.5,0.3958333333333333,1.0,nan,0.6041666666666666,3.2291666666666665,False,1.0,0.024119983470905687
0.5625,0.0,inf,5,1.5,0.4375,1.0,nan,0.5625,4.166666666666667,False,1.0,0.023732439895335255
0.5416666666666666,0.0,inf,6,1.5,0.4583333333333333,1.0,nan,0.5416666666666666,5.0,False,1.0,0.010762801712781996
0.22916666666666666,0.0,inf,7,1.5,0.7708333333333334,1.0,nan,0.22916666666666666,5.666666666666667,False,1.0,0.0035510637843348242
0.14583333333333334,0.0,inf,8,1.5,0.8541666666666666,1.0,nan,0.14583333333333334,6.354166666666667,False,1.0,0.0033401842676885666
0.125,0.0,inf,9,1.5,0.875,1.0,nan,0.125,7.333333333333333,False,1.0,0.0031230113993351225
0.125,0.0,inf,10,1.5,0.875,1.0,nan,0.125,8.166666666666666,False,1.0,0.0014612378379406654
0.08333333333333333,0.0,inf,11,1.5,0.9166666666666666,1.0,nan,0.08333333333333333,9.125,False,1.0,0.0008362874499837358
0.0625,0.0,inf,12,1.5,0.9375,1.0,nan,0.0625,10.0625,False,1.0,0.000780132016938273
0.041666666666666664,0.0,inf,13,1.5,0.9583333333333334,1.0,nan,0.041666666666666664,11.0,False,1.0,0.0007201046694976163
0.041666666666666664,0.0,inf,14,1.5,0.9583333333333334,1.0,nan,0.041666666666666664,12.0,False,1.0,0.0007201046694976163
0.020833333333333332,0.0,inf,15,1.5,0.9791666666666666,1.0,nan,0.020833333333333332,12.770833333333334,False,1.0,0.0006980262954206831
0.0,0.0,inf,16,1.5,1.0,1.0,nan,0.0,13.583333333333334,False,0.0,0.0
0.0,0.25,3.0,1,1.5,0.036369274698638286,3.108520073157468,3.108520073157468,0.07583279976137502,0.07583279976137502,False,0.07895701536075007,0.012268581408480528
0.0,0.25,3.0,2,1.5,0.0746922843718039,2.872330413797613,2.872330413797613,0.13695806771341182,0.15528119454335093,False,0.14893913665255917,0.02192881989170391
0.0,0.25,3.0,3,1.5,0.11688095571927269,2.651250344135613,2.651250344135613,0.18785574148678505,0.24187482417035788,False,0.2144443424783369,0.029759505165004984
0.0,0.25,3.0,4,1.5,0.1633715755170655,2.444140153196106,2.444140153196106,0.2285694126108898,0.33606845197788,False,0.2758103249789315,0.035807749207429775
0.0,0.25,3.0,5,1.5,0.21214269198670724,2.2589015887650765,2.2589015887650765,0.25779348116483947,0.4342973217527035,False,0.3306958255510884,0.03993756775239102
0.0,0.25,3.0,6,1.5,0.2638325250667755,2.0905032418783223,2.0905032418783223,0.2770082151949836,0.5375594546276435,False,0.3805916320360527,0.042430541633943636
0.0,0.25,3.0,7,1.5,0.317063033967447,1.941298655167743,1.941298655167743,0.28660069017245066,0.643449989343726,False,0.42480039846881684,0.04341019291982968
0.0,0.25,3.0,8,1.5,0.3725288837461059,1.8062758942395305,1.8062758942395305,0.2879865292056707,0.753132795192522,False,0.46480714244754645,0.04313294923330226
0.0,0.25,3.0,9,1.5,0.43085841574882716,1.6828063478101338,1.6828063478101338,0.2816441746469059,0.867504778457732,False,0.5013907117599604,0.04170543429232354
0.0,0.25,3.0,10,1.5,0.4952173884892856,1.5623791159041842,1.562379115904184,0.2679914048142158,0.991502950228008,False,0.5370728545469083,0.03919926110512354
0.0,0.25,3.0,11,1.5,0.5642823729510721,1.4504660858669969,1.4504660858669969,0.24604769615756092,1.1225270702076766,False,0.5702322708542232,0.035527546480259284
0.0,0.25,3.0,12,1.5,0.6410471003044867,1.3430107757915273,1.3430107757915273,0.2145273098885544,1.2643639537558828,False,0.6020708812469548,0.030540042855993915
0.0,0.25,3.0,13,1.5,0.7241469702426745,1.2435092043934264,1.2435092043934264,0.17332283843377747,1.4145535693621347,False,0.6315528283278736,0.024306698476992156
0.0,0.25,3.0,14,1.5,0.8107168599939274,1.1549120087046552,1.1549120087046552,0.12405703107779677,1.569370685993097,False,0.6578038492726948,0.01713783076931831
0.0,0.25,3.0,15,1.5,0.9034862748745113,1.0731400251200942,1.0731400251200942,0.06571792507492263,1.731548892423784,False,0.6820325851496016,0.008935365203304594
0.0,0.25,3.0,16,1.5,1.0,1.0,1.0,6.938893903907228e-18,1.8980978730084226,False,0.0,-6.245004513516506e-17
0.0,0.5,1.0,1,1.5,0.05229943270489786,1.4617832679194185,1.4617832679194185,0.024134031456264943,0.024134031456264943,False,0.025477821387054306,0.002438032273069636
0.0,0.5,1.0,2,1.5,0.10557693597760087,1.42481706372912,1.42481706372912,0.044788936564159165,0.04868383709570758,False,0.05012195751392001,0.004524601412647197
0.0,0.5,1.0,3,1.5,0.1607599786632549,1.38845367602831,1.38845367602831,0.0623326692801251,0.07404206706355564,False,0.07436421598112668,0.006296878316700383
0.0,0.5,1.0,4,1.5,0.21782198361943386,1.352755797181632,1.352755797181632,0.07666642201730223,0.10018932748536964,False,0.09816280187891206,0.007744881391974663
0.0,0.5,1.0,5,1.5,0.27588562844326736,1.318267252964854,1.318267252964854,0.08757986562702458,0.12675682184080403,False,0.12115516469009734,0.008847363079671404
0.0,0.5,1.0,6,1.5,0.33515093255684497,1.2848299043742843,1.2848299043742843,0.09518925869458623,0.1538255420861039,False,0.14344673041714373,0.009616067881884292
0.0,0.5,1.0,7,1.5,0.3950421954331131,1.2527185766361957,1.2527185766361957,0.09952065129449561,0.1811549633211361,False,0.16485428224253626,0.01005362739054117
0.0,0.5,1.0,8,1.5,0.45582929757770535,1.221721923556579,1.221721923556579,0.10072685530913679,0.20885650790431423,False,0.18551871762894737,0.010175478740612165
0.0,0.5,1.0,9,1.5,0.5176773187783192,1.191716652282189,1.191716652282189,0.09888937665730298,0.2369960304792884,False,0.2055222318118741,0.00998985570194306
0.0,0.5,1.0,10,1.5,0.5816855578996182,1.1621528241275147,1.1621528241275147,0.0940087938453521,0.2660210091256703,False,0.22523145058165675,0.009496816715543775
0.0,0.5,1.0,11,1.5,0.647200640393978,1.1333683963478665,1.1333683963478665,0.08606256691028924,0.29565746707836954,False,0.2444210691014224,0.008694084782757246
0.0,0.5,1.0,12,1.5,0.714994127866326,1.105039680681336,1.105039680681336,0.07492651077100164,0.3262102654642894,False,0.26330687954577586,0.007569114662804491
0.0,0.5,1.0,13,1.5,0.7845310368986714,1.077418287967105,1.077418287967105,0.060632387167118496,0.3574585802770742,False,0.2817211413552633,0.006125114942962177
0.0,0.5,1.0,14,1.5,0.8550272529973272,1.0507968294430214,1.0507968294430212,0.04337908811662989,0.38909075407017363,False,0.299468780371319,0.0043821777972042715
0.0,0.5,1.0,15,1.5,0.9270589247716948,1.024924270367417,1.0249242703674168,0.023092534493471328,0.4213275488628625,False,0.3167171530883887,0.002332819714107109
0.0,0.5,1.0,16,1.5,1.0,1.0,1.0,-9.25185853854297e-18,0.4539217750474009,False,0.0,-4.163336342344337e-17
0.0,1.0,0.0,1,1.5,0.0625,1.0,1.0,0.0,0.0,False,0.0,0.0
0.0,1.0,0.0,2,1.5,0.125,1.0,1.0,0.0,0.0,False,0.0,0.0
0.0,1.0,0.0,3,1.5,0.1875,1.0,1.0,0.0,0.0,False,0.0,0.0
0.0,1.0,0.0,4,1.5,0.25,1.0,1.0,0.0,0.0,False,0.0,0.0
0.0,1.0,0.0,5,1.5,0.3125,1.0,1.0,0.0,0.0,False,0.0,0.0
0.0,1.0,0.0,6,1.5,0.375,1.0,1.0,0.0,0.0,False,0.0,0.0
0.0,1.0,0.0,7,1.5,0.4375,1.0,1.0,0.0,0.0,False,0.0,0.0
0.0,1.0,0.0,8,1.5,0.5,1.0,1.0,0.0,0.0,False,0.0,0.0
0.0,1.0,0.0,9,1.5,0.5625,1.0,1.0,0.0,0.0,False,0.0,0.0
0.0,1.0,0.0,10,1.5,0.625,1.0,1.0,0.0,0.0,False,0.0,0.0
0.0,1.0,0.0,11,1.5,0.6875,1.0,1.0,0.0,0.0,False,0.0,0.0
0.0,1.0,0.0,12,1.5,0.75,1.0,1.0,0.0,0.0,False,0.0,0.0
0.0,1.0,0.0,13,1.5,0.8125,1.0,1.0,0.0,0.0,False,0.0,0.0
0.0,1.0,0.0,14,1.5,0.875,1.0,1.0,0.0,0.0,False,0.0,0.0
0.0,1.0,0.0,15,1.5,0.9375,1.0,1.0,0.0,0.0,False,0.0,0.0
0.0,1.0,0.0,16,1.5,1.0,1.0,1.0,0.0,0.0,False,0.0,0.0
0.0,2.0,-0.5,1,1.5,0.057710618476964855,1.2090635731355066,1.2090635731355066,0.012063157266997632,0.012063157266997632,False,0.012803726410599221,0.002237375060365509
0.0,2.0,-0.5,2,1.5,0.11576397854925351,1.1936898893990822,1.1936898893990822,0.02241484528872255,0.024192845742526697,False,0.025356286617654055,0.004202642485127317
0.0,2.0,-0.5,3,1.5,0.17440243901840016,1.1785534205605868,1.178553420560587,0.0311259476584175,0.0364360499469031,False,0.03771516167160447,0.0059008361128511195
0.0,2.0,-0.5,4,1.5,0.23344441852110998,1.1636961678384965,1.1636961678384965,0.03819116174858645,0.04875711964997892,False,0.04984605772117042,0.00732224272962147
0.0,2.0,-0.5,5,1.5,0.2932055817992107,1.1490346289884492,1.1490346289884492,0.04366636519718767,0.0612171345243899,False,0.061817154063372924,0.008468995265770775
0.0,2.0,-0.5,6,1.5,0.3539531807424116,1.134504416299599,1.134504416299599,0.04757079857348449,0.07386727038576207,False,0.07368102304397196,0.009336149230206004
0.0,2.0,-0.5,7,1.5,0.41539202281531845,1.120177512934018,1.120177512934018,0.04987936607157614,0.08665022032722224,False,0.0853788906572508,0.009908552971005466
0.0,2.0,-0.5,8,1.5,0.4778900348780272,1.105968712306745,1.1059687123067448,0.05060326665716993,0.09963599548885815,False,0.09698032778850295,0.010178532883879593
0.0,2.0,-0.5,9,1.5,0.5409383587289599,1.0919952494395389,1.0919952494395389,0.04972972250503263,0.11272676049079093,False,0.10838961244329733,0.010131140873043424
0.0,2.0,-0.5,10,1.5,0.6044730015378965,1.0782664090890306,1.0782664090890306,0.04728141401598951,0.12591008422245523,False,0.11959916364958974,0.009758541236170095
0.0,2.0,-0.5,11,1.5,0.6683557285647037,1.0648060301269453,1.0648060301269453,0.04329050511495522,0.1391595452037808,False,0.13058951705012387,0.009054129065436624
0.0,2.0,-0.5,12,1.5,0.7329137726296651,1.0515404236364736,1.0515404236364736,0.037757641061145875,0.15253723614898015,False,0.14142083939352676,0.00800497131171546
0.0,2.0,-0.5,13,1.5,0.798062413891618,1.0384843848353598,1.0384843848353598,0.030701710526128283,0.1660267465619463,False,0.15208105043509593,0.006600196432362325
0.0,2.0,-0.5,14,1.5,0.8643312331608194,1.025532418807605,1.025532418807605,0.022062531246298173,0.1797281338997151,False,0.16265628641304977,0.004811527439189588
0.0,2.0,-0.5,15,1.5,0.9318400225617273,1.0126662994383984,1.0126662994383981,0.011801408008099314,0.1936627897967477,False,0.17316142888781502,0.0026122244174732884
0.0,2.0,-0.5,16,1.5,1.0,1.0,1.0,0.0,0.20771973770891208,False,0.0,0.0
0.0,4.0,-0.75,1,1.5,0.05543148363312664,1.3292193663871297,1.3292193663871297,0.01824161037203079,0.01824161037203079,False,0.019317973269230827,0.008228496190362233
0.0,4.0,-0.75,2,1.5,0.11135174290531404,1.3038145850159426,1.3038145850159426,0.03380296769883253,0.03663222681348163,False,0.038061314747518886,0.015693475924207355
0.0,4.0,-0.75,3,1.5,0.1681078088915274,1.2790058528607953,1.2790058528607953,0.046851410332896054,0.05527743453250875,False,0.056364898298711996,0.02241693442172593
0.0,4.0,-0.75,4,1.5,0.22545053411734362,1.2548836606405376,1.2548836606405378,0.0573814713602692,0.0740998172451459,False,0.07416196096117518,0.028333741458522105
0.0,4.0,-0.75,5,1.5,0.28383424431029086,1.2312408798087446,1.2312408798087444,0.06552162413860232,0.09323719107529115,False,0.09160531967983043,0.033445457943574966
0.0,4.0,-0.75,6,1.5,0.3436562597527278,1.207919372207705,1.2079193722077048,0.07131950286060168,0.11280817406156156,False,0.10881164688131321,0.03771279287340213
0.0,4.0,-0.75,7,1.5,0.4044957672696623,1.1850879940556922,1.185087994055692,0.07472080874187667,0.13268439018599418,False,0.1256563624830956,0.041015305189348296
0.0,4.0,-0.75,8,1.5,0.4669088089851332,1.1625381560728465,1.1625381560728465,0.07575640881976704,0.1530301676847329,False,0.14229336114162017,0.043280050232892886
0.0,4.0,-0.75,9,1.5,0.530149241769994,1.140547247944098,1.1405472479440977,0.07439195286600987,0.1736212996974317,False,0.1585179880908715,0.044344072806179774
0.0,4.0,-0.75,10,1.5,0.5941253550218238,1.1191296402496131,1.1191296402496131,0.0706787168779487,0.19442974880162414,False,0.17431964089001864,0.04407702967401179
0.0,4.0,-0.75,11,1.5,0.6586307058644131,1.0983340025528523,1.0983340025528523,0.06468620183001367,0.2153940739780462,False,0.18966241172178108,0.042325234571429525
0.0,4.0,-0.75,12,1.5,0.7241648990807183,1.0779830175444436,1.0779830175444436,0.05641372193168733,0.2366610959063713,False,0.2046771231597131,0.03887113552979089
0.0,4.0,-0.75,13,1.5,0.7906058450687486,1.0581061742587343,1.0581061742587343,0.04590039327630294,0.2581935989171051,False,0.21934201854972066,0.03344211691164225
0.0,4.0,-0.75,14,1.5,0.8587719701410315,1.038461330871837,1.038461330871837,0.033009105747870304,0.2802302846585658,False,0.2338357472108031,0.02557084610960617
0.0,4.0,-0.75,15,1.5,0.9288750618890206,1.0190056618025827,1.0190056618025827,0.01764857040158887,0.3028278303124529,False,0.2481899053405475,0.01463584965638975
0.0,4.0,-0.75,16,1.5,1.0,1.0,1.0,-6.938893903907228e-18,0.32572032841021104,False,0.0,1.3877787807814457e-17
0.0,8.0,-0.875,1,1.5,0.05432143986790794,1.3936348976268562,1.3936348976268567,0.021370343255238334,0.021370343255238334,False,0.0226071421239555,0.015449846623460614
0.0,8.0,-0.875,2,1.5,0.1091987035318824,1.3625254965933264,1.3625254965933264,0.03954217958408754,0.04294300760402662,False,0.044424984397244405,0.029918136671063366
0.0,8.0,-0.875,3,1.5,0.16502721753933838,1.3322736467191694,1.3322736467191694,0.05474911894467854,0.06486159464967574,False,0.06564140345713536,0.043487505157929686
0.0,8.0,-0.875,4,1.5,0.22152939630041035,1.3029987615889034,1.3029987615889036,0.06698834760750061,0.08702265498502208,False,0.08617265141180903,0.05604802286849222
0.0,8.0,-0.875,5,1.5,0.27922418584043157,1.2744045557425288,1.2744045557425288,0.0764366380591488,0.10961397085221675,False,0.10622652105763598,0.06765417573440512
0.0,8.0,-0.875,6,1.5,0.33857266497879107,1.2462658162296518,1.2462658162296516,0.08316174208404946,0.13279928357881898,False,0.1259609601681613,0.07828676645386784
0.0,8.0,-0.875,7,1.5,0.3990965433718681,1.218817103358281,1.218817103358281,0.08709117055644137,0.15640429352708377,False,0.14521146542176258,0.08770945981207286
0.0,8.0,-0.875,8,1.5,0.4614461809661405,1.1917619743085635,1.1917619743085635,0.08827065154408675,0.18065715272161267,False,0.16418593997541917,0.09583376911711493
0.0,8.0,-0.875,9,1.5,0.5247618386428501,1.1654881367094339,1.1654881367094339,0.08664953398100443,0.20525013667807504,False,0.18261247425790117,0.1022637327743997
0.0,8.0,-0.875,10,1.5,0.588938941539395,1.1400103630579628,1.1400103630579628,0.08229770489975721,0.23014501409813962,False,0.20048070792794928,0.1066564096722259
0.0,8.0,-0.875,11,1.5,0.6537373906761242,1.1153914671237908,1.1153914671237908,0.07530776801531856,0.2552568423592504,False,0.2177465880345882,0.10850967740381871
0.0,8.0,-0.875,12,1.5,0.7197449962515722,1.09138211482887,1.09138211482887,0.0656773834176796,0.2807902991248438,False,0.23458497913346596,0.10705642806762955
0.0,8.0,-0.875,13,1.5,0.7868223564273414,1.0680199417921814,1.0680199417921814,0.05345757939888463,0.30669454066792096,False,0.2509694863737815,0.1009322360721131
0.0,8.0,-0.875,14,1.5,0.8559384486284826,1.0449721911591594,1.0449721911591594,0.03846073683506904,0.3333037667076568,False,0.2671334809014611,0.08734828842466015
0.0,8.0,-0.875,15,1.5,0.9273597491529372,1.0221794635257935,1.0221794635257935,0.020559857298609995,0.36070098943434575,False,0.2831186210829395,0.0599119377968933
0.0,8.0,-0.875,16,1.5,1.0,1.0,1.0,4.625929269271485e-18,0.38851321727390903,False,0.0,9.25185853854297e-18
