arm,kind,dose,n_components,params_moved,frac_of_model,test_vrmse,train_s,ray,distance,seed,diffusion,omega,budget
scratch,scratch,0,0,0,0.0,0.06654398888349533,9.4,diffuse,0.0,0,0.4,0.6,4
scratch,scratch,0,0,0,0.0,0.0704641118645668,9.6,diffuse,0.0,1,0.4,0.6,4
scratch,scratch,0,0,0,0.0,0.07991032302379608,9.3,diffuse,0.0,2,0.4,0.6,4
finetune,finetune,-1,0,7106,1.0,0.013414076529443264,9.3,diffuse,0.0,0,0.4,0.6,4
finetune,finetune,-1,0,7106,1.0,0.013286266475915909,9.3,diffuse,0.0,1,0.4,0.6,4
finetune,finetune,-1,0,7106,1.0,0.013774714432656765,9.7,diffuse,0.0,2,0.4,0.6,4
transplant_all,transplant_all,-2,8,672,0.09457,0.059595927596092224,9.5,diffuse,0.0,0,0.4,0.6,4
transplant_all,transplant_all,-2,8,672,0.09457,0.06052030622959137,9.5,diffuse,0.0,1,0.4,0.6,4
transplant_all,transplant_all,-2,8,672,0.09457,0.07489071786403656,9.5,diffuse,0.0,2,0.4,0.6,4
transplant_resonant_1,transplant_resonant,1,1,84,0.01182,0.06486096233129501,9.2,diffuse,0.0,0,0.4,0.6,4
transplant_resonant_1,transplant_resonant,1,1,84,0.01182,0.06796414405107498,9.7,diffuse,0.0,1,0.4,0.6,4
transplant_resonant_1,transplant_resonant,1,1,84,0.01182,0.07826240360736847,9.4,diffuse,0.0,2,0.4,0.6,4
transplant_damped_1,transplant_damped,1,1,84,0.01182,0.06581089645624161,9.5,diffuse,0.0,0,0.4,0.6,4
transplant_damped_1,transplant_damped,1,1,84,0.01182,0.06952448189258575,9.2,diffuse,0.0,1,0.4,0.6,4
transplant_damped_1,transplant_damped,1,1,84,0.01182,0.07955445349216461,9.8,diffuse,0.0,2,0.4,0.6,4
transplant_resonant_2,transplant_resonant,2,2,168,0.02364,0.06395617872476578,9.4,diffuse,0.0,0,0.4,0.6,4
transplant_resonant_2,transplant_resonant,2,2,168,0.02364,0.0669088289141655,9.3,diffuse,0.0,1,0.4,0.6,4
transplant_resonant_2,transplant_resonant,2,2,168,0.02364,0.07750963419675827,9.5,diffuse,0.0,2,0.4,0.6,4
transplant_damped_2,transplant_damped,2,2,168,0.02364,0.0651833787560463,9.5,diffuse,0.0,0,0.4,0.6,4
transplant_damped_2,transplant_damped,2,2,168,0.02364,0.06844362616539001,9.5,diffuse,0.0,1,0.4,0.6,4
transplant_damped_2,transplant_damped,2,2,168,0.02364,0.07885879278182983,9.2,diffuse,0.0,2,0.4,0.6,4
transplant_resonant_3,transplant_resonant,3,3,252,0.03546,0.06286697089672089,9.2,diffuse,0.0,0,0.4,0.6,4
transplant_resonant_3,transplant_resonant,3,3,252,0.03546,0.06555457413196564,9.4,diffuse,0.0,1,0.4,0.6,4
transplant_resonant_3,transplant_resonant,3,3,252,0.03546,0.07706698775291443,9.5,diffuse,0.0,2,0.4,0.6,4
transplant_damped_3,transplant_damped,3,3,252,0.03546,0.06470075994729996,9.3,diffuse,0.0,0,0.4,0.6,4
transplant_damped_3,transplant_damped,3,3,252,0.03546,0.0676863044500351,9.7,diffuse,0.0,1,0.4,0.6,4
transplant_damped_3,transplant_damped,3,3,252,0.03546,0.07853102684020996,9.3,diffuse,0.0,2,0.4,0.6,4
scratch,scratch,0,0,0,0.0,0.07523337006568909,9.6,diffuse,0.25,0,0.47734583177917983,0.5027801313472534,4
scratch,scratch,0,0,0,0.0,0.07854188233613968,10.2,diffuse,0.25,1,0.47734583177917983,0.5027801313472534,4
scratch,scratch,0,0,0,0.0,0.08769497275352478,9.3,diffuse,0.25,2,0.47734583177917983,0.5027801313472534,4
finetune,finetune,-1,0,7106,1.0,0.01514719519764185,9.6,diffuse,0.25,0,0.47734583177917983,0.5027801313472534,4
finetune,finetune,-1,0,7106,1.0,0.015165089629590511,9.9,diffuse,0.25,1,0.47734583177917983,0.5027801313472534,4
finetune,finetune,-1,0,7106,1.0,0.01526561938226223,9.5,diffuse,0.25,2,0.47734583177917983,0.5027801313472534,4
transplant_all,transplant_all,-2,8,672,0.09457,0.06765168160200119,10.1,diffuse,0.25,0,0.47734583177917983,0.5027801313472534,4
transplant_all,transplant_all,-2,8,672,0.09457,0.06766242533922195,11.3,diffuse,0.25,1,0.47734583177917983,0.5027801313472534,4
transplant_all,transplant_all,-2,8,672,0.09457,0.081588514149189,10.4,diffuse,0.25,2,0.47734583177917983,0.5027801313472534,4
transplant_resonant_1,transplant_resonant,1,1,84,0.01182,0.0731833204627037,9.6,diffuse,0.25,0,0.47734583177917983,0.5027801313472534,4
transplant_resonant_1,transplant_resonant,1,1,84,0.01182,0.07588771730661392,9.6,diffuse,0.25,1,0.47734583177917983,0.5027801313472534,4
transplant_resonant_1,transplant_resonant,1,1,84,0.01182,0.08583474159240723,9.8,diffuse,0.25,2,0.47734583177917983,0.5027801313472534,4
transplant_damped_1,transplant_damped,1,1,84,0.01182,0.07443296909332275,9.5,diffuse,0.25,0,0.47734583177917983,0.5027801313472534,4
transplant_damped_1,transplant_damped,1,1,84,0.01182,0.07749181240797043,9.5,diffuse,0.25,1,0.47734583177917983,0.5027801313472534,4
transplant_damped_1,transplant_damped,1,1,84,0.01182,0.08722787350416183,9.4,diffuse,0.25,2,0.47734583177917983,0.5027801313472534,4
transplant_resonant_2,transplant_resonant,2,2,168,0.02364,0.07240032404661179,9.6,diffuse,0.25,0,0.47734583177917983,0.5027801313472534,4
transplant_resonant_2,transplant_resonant,2,2,168,0.02364,0.07475893944501877,9.5,diffuse,0.25,1,0.47734583177917983,0.5027801313472534,4
transplant_resonant_2,transplant_resonant,2,2,168,0.02364,0.08499819785356522,10.7,diffuse,0.25,2,0.47734583177917983,0.5027801313472534,4
transplant_damped_2,transplant_damped,2,2,168,0.02364,0.07393541932106018,10.3,diffuse,0.25,0,0.47734583177917983,0.5027801313472534,4
transplant_damped_2,transplant_damped,2,2,168,0.02364,0.07622376829385757,10.5,diffuse,0.25,1,0.47734583177917983,0.5027801313472534,4
transplant_damped_2,transplant_damped,2,2,168,0.02364,0.08641961216926575,10.0,diffuse,0.25,2,0.47734583177917983,0.5027801313472534,4
transplant_resonant_3,transplant_resonant,3,3,252,0.03546,0.07123851031064987,10.3,diffuse,0.25,0,0.47734583177917983,0.5027801313472534,4
transplant_resonant_3,transplant_resonant,3,3,252,0.03546,0.07328230887651443,9.8,diffuse,0.25,1,0.47734583177917983,0.5027801313472534,4
transplant_resonant_3,transplant_resonant,3,3,252,0.03546,0.08452403545379639,10.5,diffuse,0.25,2,0.47734583177917983,0.5027801313472534,4
transplant_damped_3,transplant_damped,3,3,252,0.03546,0.07353824377059937,11.0,diffuse,0.25,0,0.47734583177917983,0.5027801313472534,4
transplant_damped_3,transplant_damped,3,3,252,0.03546,0.07540123164653778,10.1,diffuse,0.25,1,0.47734583177917983,0.5027801313472534,4
transplant_damped_3,transplant_damped,3,3,252,0.03546,0.0859733521938324,9.5,diffuse,0.25,2,0.47734583177917983,0.5027801313472534,4
scratch,scratch,0,0,0,0.0,0.08370127528905869,9.5,diffuse,0.5,0,0.5696476077923927,0.42131310079593576,4
scratch,scratch,0,0,0,0.0,0.08850817382335663,9.9,diffuse,0.5,1,0.5696476077923927,0.42131310079593576,4
scratch,scratch,0,0,0,0.0,0.0965847373008728,10.2,diffuse,0.5,2,0.5696476077923927,0.42131310079593576,4
finetune,finetune,-1,0,7106,1.0,0.017124520614743233,9.5,diffuse,0.5,0,0.5696476077923927,0.42131310079593576,4
finetune,finetune,-1,0,7106,1.0,0.01711084321141243,9.4,diffuse,0.5,1,0.5696476077923927,0.42131310079593576,4
finetune,finetune,-1,0,7106,1.0,0.017285170033574104,9.4,diffuse,0.5,2,0.5696476077923927,0.42131310079593576,4
transplant_all,transplant_all,-2,8,672,0.09457,0.07666665315628052,9.4,diffuse,0.5,0,0.5696476077923927,0.42131310079593576,4
transplant_all,transplant_all,-2,8,672,0.09457,0.07683061063289642,9.5,diffuse,0.5,1,0.5696476077923927,0.42131310079593576,4
transplant_all,transplant_all,-2,8,672,0.09457,0.08945252746343613,10.3,diffuse,0.5,2,0.5696476077923927,0.42131310079593576,4
transplant_resonant_1,transplant_resonant,1,1,84,0.01182,0.08157055824995041,11.0,diffuse,0.5,0,0.5696476077923927,0.42131310079593576,4
transplant_resonant_1,transplant_resonant,1,1,84,0.01182,0.08570218831300735,9.7,diffuse,0.5,1,0.5696476077923927,0.42131310079593576,4
transplant_resonant_1,transplant_resonant,1,1,84,0.01182,0.09453554451465607,10.1,diffuse,0.5,2,0.5696476077923927,0.42131310079593576,4
transplant_damped_1,transplant_damped,1,1,84,0.01182,0.0828605368733406,10.5,diffuse,0.5,0,0.5696476077923927,0.42131310079593576,4
transplant_damped_1,transplant_damped,1,1,84,0.01182,0.08734746277332306,10.3,diffuse,0.5,1,0.5696476077923927,0.42131310079593576,4
transplant_damped_1,transplant_damped,1,1,84,0.01182,0.09610523283481598,10.0,diffuse,0.5,2,0.5696476077923927,0.42131310079593576,4
transplant_resonant_2,transplant_resonant,2,2,168,0.02364,0.08136730641126633,10.9,diffuse,0.5,0,0.5696476077923927,0.42131310079593576,4
transplant_resonant_2,transplant_resonant,2,2,168,0.02364,0.08448825031518936,10.6,diffuse,0.5,1,0.5696476077923927,0.42131310079593576,4
transplant_resonant_2,transplant_resonant,2,2,168,0.02364,0.0935884341597557,10.5,diffuse,0.5,2,0.5696476077923927,0.42131310079593576,4
transplant_damped_2,transplant_damped,2,2,168,0.02364,0.08270330727100372,10.0,diffuse,0.5,0,0.5696476077923927,0.42131310079593576,4
transplant_damped_2,transplant_damped,2,2,168,0.02364,0.08593728393316269,10.0,diffuse,0.5,1,0.5696476077923927,0.42131310079593576,4
transplant_damped_2,transplant_damped,2,2,168,0.02364,0.0952087864279747,10.1,diffuse,0.5,2,0.5696476077923927,0.42131310079593576,4
transplant_resonant_3,transplant_resonant,3,3,252,0.03546,0.08025472611188889,10.4,diffuse,0.5,0,0.5696476077923927,0.42131310079593576,4
transplant_resonant_3,transplant_resonant,3,3,252,0.03546,0.08285492658615112,10.4,diffuse,0.5,1,0.5696476077923927,0.42131310079593576,4
transplant_resonant_3,transplant_resonant,3,3,252,0.03546,0.0930284708738327,9.7,diffuse,0.5,2,0.5696476077923927,0.42131310079593576,4
transplant_damped_3,transplant_damped,3,3,252,0.03546,0.08250240236520767,10.4,diffuse,0.5,0,0.5696476077923927,0.42131310079593576,4
transplant_damped_3,transplant_damped,3,3,252,0.03546,0.08505668491125107,10.0,diffuse,0.5,1,0.5696476077923927,0.42131310079593576,4
transplant_damped_3,transplant_damped,3,3,252,0.03546,0.09459497034549713,10.6,diffuse,0.5,2,0.5696476077923927,0.42131310079593576,4
scratch,scratch,0,0,0,0.0,0.1004386618733406,10.9,diffuse,1.0,0,0.8112459926589889,0.2958412148371439,4
scratch,scratch,0,0,0,0.0,0.11338429152965546,12.8,diffuse,1.0,1,0.8112459926589889,0.2958412148371439,4
scratch,scratch,0,0,0,0.0,0.11873617023229599,9.9,diffuse,1.0,2,0.8112459926589889,0.2958412148371439,4
finetune,finetune,-1,0,7106,1.0,0.022023828700184822,9.9,diffuse,1.0,0,0.8112459926589889,0.2958412148371439,4
finetune,finetune,-1,0,7106,1.0,0.021901631727814674,10.3,diffuse,1.0,1,0.8112459926589889,0.2958412148371439,4
finetune,finetune,-1,0,7106,1.0,0.022308412939310074,10.9,diffuse,1.0,2,0.8112459926589889,0.2958412148371439,4
transplant_all,transplant_all,-2,8,672,0.09457,0.09714962542057037,10.1,diffuse,1.0,0,0.8112459926589889,0.2958412148371439,4
transplant_all,transplant_all,-2,8,672,0.09457,0.09842965751886368,10.7,diffuse,1.0,1,0.8112459926589889,0.2958412148371439,4
transplant_all,transplant_all,-2,8,672,0.09457,0.10949470847845078,10.2,diffuse,1.0,2,0.8112459926589889,0.2958412148371439,4
transplant_resonant_1,transplant_resonant,1,1,84,0.01182,0.09852984547615051,10.0,diffuse,1.0,0,0.8112459926589889,0.2958412148371439,4
transplant_resonant_1,transplant_resonant,1,1,84,0.01182,0.10988340526819229,10.0,diffuse,1.0,1,0.8112459926589889,0.2958412148371439,4
transplant_resonant_1,transplant_resonant,1,1,84,0.01182,0.11616374552249908,9.9,diffuse,1.0,2,0.8112459926589889,0.2958412148371439,4
transplant_damped_1,transplant_damped,1,1,84,0.01182,0.09967979788780212,10.1,diffuse,1.0,0,0.8112459926589889,0.2958412148371439,4
transplant_damped_1,transplant_damped,1,1,84,0.01182,0.11191695183515549,10.1,diffuse,1.0,1,0.8112459926589889,0.2958412148371439,4
transplant_damped_1,transplant_damped,1,1,84,0.01182,0.11835489422082901,9.8,diffuse,1.0,2,0.8112459926589889,0.2958412148371439,4
transplant_resonant_2,transplant_resonant,2,2,168,0.02364,0.09913913160562515,9.9,diffuse,1.0,0,0.8112459926589889,0.2958412148371439,4
transplant_resonant_2,transplant_resonant,2,2,168,0.02364,0.10833335667848587,9.8,diffuse,1.0,1,0.8112459926589889,0.2958412148371439,4
transplant_resonant_2,transplant_resonant,2,2,168,0.02364,0.11518562585115433,9.9,diffuse,1.0,2,0.8112459926589889,0.2958412148371439,4
transplant_damped_2,transplant_damped,2,2,168,0.02364,0.10032130777835846,9.6,diffuse,1.0,0,0.8112459926589889,0.2958412148371439,4
transplant_damped_2,transplant_damped,2,2,168,0.02364,0.11003656685352325,7.8,diffuse,1.0,1,0.8112459926589889,0.2958412148371439,4
transplant_damped_2,transplant_damped,2,2,168,0.02364,0.11762983351945877,1078.4,diffuse,1.0,2,0.8112459926589889,0.2958412148371439,4
transplant_resonant_3,transplant_resonant,3,3,252,0.03546,0.09938021004199982,1238.8,diffuse,1.0,0,0.8112459926589889,0.2958412148371439,4
transplant_resonant_3,transplant_resonant,3,3,252,0.03546,0.10629662126302719,29.2,diffuse,1.0,1,0.8112459926589889,0.2958412148371439,4
transplant_resonant_3,transplant_resonant,3,3,252,0.03546,0.11408256739377975,25.8,diffuse,1.0,2,0.8112459926589889,0.2958412148371439,4
transplant_damped_3,transplant_damped,3,3,252,0.03546,0.10023148357868195,1041.9,diffuse,1.0,0,0.8112459926589889,0.2958412148371439,4
transplant_damped_3,transplant_damped,3,3,252,0.03546,0.10888832062482834,2958.9,diffuse,1.0,1,0.8112459926589889,0.2958412148371439,4
transplant_damped_3,transplant_damped,3,3,252,0.03546,0.11668148636817932,25.9,diffuse,1.0,2,0.8112459926589889,0.2958412148371439,4
scratch,scratch,0,0,0,0.0,0.1340499073266983,18.6,diffuse,1.75,0,1.378707043805747,0.17407613972690691,4
scratch,scratch,0,0,0,0.0,0.16342461109161377,19.4,diffuse,1.75,1,1.378707043805747,0.17407613972690691,4
scratch,scratch,0,0,0,0.0,0.14777253568172455,18.6,diffuse,1.75,2,1.378707043805747,0.17407613972690691,4
finetune,finetune,-1,0,7106,1.0,0.0331173911690712,2819.4,diffuse,1.75,0,1.378707043805747,0.17407613972690691,4
finetune,finetune,-1,0,7106,1.0,0.03250391036272049,835.8,diffuse,1.75,1,1.378707043805747,0.17407613972690691,4
finetune,finetune,-1,0,7106,1.0,0.03358960524201393,17.8,diffuse,1.75,2,1.378707043805747,0.17407613972690691,4
transplant_all,transplant_all,-2,8,672,0.09457,0.14326976239681244,20.2,diffuse,1.75,0,1.378707043805747,0.17407613972690691,4
transplant_all,transplant_all,-2,8,672,0.09457,0.14224307239055634,15.8,diffuse,1.75,1,1.378707043805747,0.17407613972690691,4
transplant_all,transplant_all,-2,8,672,0.09457,0.14547333121299744,26.7,diffuse,1.75,2,1.378707043805747,0.17407613972690691,4
transplant_resonant_1,transplant_resonant,1,1,84,0.01182,0.13452023267745972,70.3,diffuse,1.75,0,1.378707043805747,0.17407613972690691,4
transplant_resonant_1,transplant_resonant,1,1,84,0.01182,0.15864992141723633,24.2,diffuse,1.75,1,1.378707043805747,0.17407613972690691,4
transplant_resonant_1,transplant_resonant,1,1,84,0.01182,0.14614762365818024,258.4,diffuse,1.75,2,1.378707043805747,0.17407613972690691,4
transplant_damped_1,transplant_damped,1,1,84,0.01182,0.13585735857486725,87.4,diffuse,1.75,0,1.378707043805747,0.17407613972690691,4
transplant_damped_1,transplant_damped,1,1,84,0.01182,0.16143493354320526,10.2,diffuse,1.75,1,1.378707043805747,0.17407613972690691,4
transplant_damped_1,transplant_damped,1,1,84,0.01182,0.14875808358192444,9.2,diffuse,1.75,2,1.378707043805747,0.17407613972690691,4
transplant_resonant_2,transplant_resonant,2,2,168,0.02364,0.1353265643119812,9.2,diffuse,1.75,0,1.378707043805747,0.17407613972690691,4
transplant_resonant_2,transplant_resonant,2,2,168,0.02364,0.15719079971313477,9.3,diffuse,1.75,1,1.378707043805747,0.17407613972690691,4
transplant_resonant_2,transplant_resonant,2,2,168,0.02364,0.1468115746974945,9.1,diffuse,1.75,2,1.378707043805747,0.17407613972690691,4
transplant_damped_2,transplant_damped,2,2,168,0.02364,0.13853555917739868,9.2,diffuse,1.75,0,1.378707043805747,0.17407613972690691,4
transplant_damped_2,transplant_damped,2,2,168,0.02364,0.15917062759399414,9.2,diffuse,1.75,1,1.378707043805747,0.17407613972690691,4
transplant_damped_2,transplant_damped,2,2,168,0.02364,0.1474328488111496,9.2,diffuse,1.75,2,1.378707043805747,0.17407613972690691,4
transplant_resonant_3,transplant_resonant,3,3,252,0.03546,0.1352955549955368,9.2,diffuse,1.75,0,1.378707043805747,0.17407613972690691,4
transplant_resonant_3,transplant_resonant,3,3,252,0.03546,0.1538987010717392,9.2,diffuse,1.75,1,1.378707043805747,0.17407613972690691,4
transplant_resonant_3,transplant_resonant,3,3,252,0.03546,0.14580018818378448,9.2,diffuse,1.75,2,1.378707043805747,0.17407613972690691,4
transplant_damped_3,transplant_damped,3,3,252,0.03546,0.14103075861930847,9.2,diffuse,1.75,0,1.378707043805747,0.17407613972690691,4
transplant_damped_3,transplant_damped,3,3,252,0.03546,0.15692029893398285,9.2,diffuse,1.75,1,1.378707043805747,0.17407613972690691,4
transplant_damped_3,transplant_damped,3,3,252,0.03546,0.14860664308071136,9.2,diffuse,1.75,2,1.378707043805747,0.17407613972690691,4
scratch,scratch,0,0,0,0.0,0.06654398888349533,9.2,sharp,0.0,0,0.4,0.6,4
scratch,scratch,0,0,0,0.0,0.0704641118645668,9.2,sharp,0.0,1,0.4,0.6,4
scratch,scratch,0,0,0,0.0,0.07991032302379608,9.2,sharp,0.0,2,0.4,0.6,4
finetune,finetune,-1,0,7106,1.0,0.013414076529443264,9.2,sharp,0.0,0,0.4,0.6,4
finetune,finetune,-1,0,7106,1.0,0.013286266475915909,9.3,sharp,0.0,1,0.4,0.6,4
finetune,finetune,-1,0,7106,1.0,0.013774714432656765,9.3,sharp,0.0,2,0.4,0.6,4
transplant_all,transplant_all,-2,8,672,0.09457,0.059595927596092224,9.2,sharp,0.0,0,0.4,0.6,4
transplant_all,transplant_all,-2,8,672,0.09457,0.06052030622959137,9.3,sharp,0.0,1,0.4,0.6,4
transplant_all,transplant_all,-2,8,672,0.09457,0.07489071786403656,9.3,sharp,0.0,2,0.4,0.6,4
transplant_resonant_1,transplant_resonant,1,1,84,0.01182,0.06486096233129501,9.3,sharp,0.0,0,0.4,0.6,4
transplant_resonant_1,transplant_resonant,1,1,84,0.01182,0.06796414405107498,9.3,sharp,0.0,1,0.4,0.6,4
transplant_resonant_1,transplant_resonant,1,1,84,0.01182,0.07826240360736847,9.3,sharp,0.0,2,0.4,0.6,4
transplant_damped_1,transplant_damped,1,1,84,0.01182,0.06581089645624161,9.3,sharp,0.0,0,0.4,0.6,4
transplant_damped_1,transplant_damped,1,1,84,0.01182,0.06952448189258575,9.3,sharp,0.0,1,0.4,0.6,4
transplant_damped_1,transplant_damped,1,1,84,0.01182,0.07955445349216461,9.3,sharp,0.0,2,0.4,0.6,4
transplant_resonant_2,transplant_resonant,2,2,168,0.02364,0.06395617872476578,9.3,sharp,0.0,0,0.4,0.6,4
transplant_resonant_2,transplant_resonant,2,2,168,0.02364,0.0669088289141655,9.3,sharp,0.0,1,0.4,0.6,4
transplant_resonant_2,transplant_resonant,2,2,168,0.02364,0.07750963419675827,9.3,sharp,0.0,2,0.4,0.6,4
transplant_damped_2,transplant_damped,2,2,168,0.02364,0.0651833787560463,9.3,sharp,0.0,0,0.4,0.6,4
transplant_damped_2,transplant_damped,2,2,168,0.02364,0.06844362616539001,9.3,sharp,0.0,1,0.4,0.6,4
transplant_damped_2,transplant_damped,2,2,168,0.02364,0.07885879278182983,9.4,sharp,0.0,2,0.4,0.6,4
transplant_resonant_3,transplant_resonant,3,3,252,0.03546,0.06286697089672089,9.4,sharp,0.0,0,0.4,0.6,4
transplant_resonant_3,transplant_resonant,3,3,252,0.03546,0.06555457413196564,9.3,sharp,0.0,1,0.4,0.6,4
transplant_resonant_3,transplant_resonant,3,3,252,0.03546,0.07706698775291443,9.3,sharp,0.0,2,0.4,0.6,4
transplant_damped_3,transplant_damped,3,3,252,0.03546,0.06470075994729996,9.3,sharp,0.0,0,0.4,0.6,4
transplant_damped_3,transplant_damped,3,3,252,0.03546,0.0676863044500351,9.3,sharp,0.0,1,0.4,0.6,4
transplant_damped_3,transplant_damped,3,3,252,0.03546,0.07853102684020996,9.3,sharp,0.0,2,0.4,0.6,4
scratch,scratch,0,0,0,0.0,0.059218015521764755,9.3,sharp,0.25,0,0.33518675423150235,0.7160187476687697,4
scratch,scratch,0,0,0,0.0,0.06297989934682846,9.3,sharp,0.25,1,0.33518675423150235,0.7160187476687697,4
scratch,scratch,0,0,0,0.0,0.07261263579130173,9.3,sharp,0.25,2,0.33518675423150235,0.7160187476687697,4
finetune,finetune,-1,0,7106,1.0,0.011964102275669575,9.3,sharp,0.25,0,0.33518675423150235,0.7160187476687697,4
finetune,finetune,-1,0,7106,1.0,0.011997359804809093,9.3,sharp,0.25,1,0.33518675423150235,0.7160187476687697,4
finetune,finetune,-1,0,7106,1.0,0.01216418482363224,9.3,sharp,0.25,2,0.33518675423150235,0.7160187476687697,4
transplant_all,transplant_all,-2,8,672,0.09457,0.05279935151338577,9.3,sharp,0.25,0,0.33518675423150235,0.7160187476687697,4
transplant_all,transplant_all,-2,8,672,0.09457,0.053914137184619904,9.5,sharp,0.25,1,0.33518675423150235,0.7160187476687697,4
transplant_all,transplant_all,-2,8,672,0.09457,0.06857021152973175,9.3,sharp,0.25,2,0.33518675423150235,0.7160187476687697,4
transplant_resonant_1,transplant_resonant,1,1,84,0.01182,0.05765066295862198,9.3,sharp,0.25,0,0.33518675423150235,0.7160187476687697,4
transplant_resonant_1,transplant_resonant,1,1,84,0.01182,0.06061345338821411,9.3,sharp,0.25,1,0.33518675423150235,0.7160187476687697,4
transplant_resonant_1,transplant_resonant,1,1,84,0.01182,0.07128242403268814,9.3,sharp,0.25,2,0.33518675423150235,0.7160187476687697,4
transplant_damped_1,transplant_damped,1,1,84,0.01182,0.058573924005031586,9.3,sharp,0.25,0,0.33518675423150235,0.7160187476687697,4
transplant_damped_1,transplant_damped,1,1,84,0.01182,0.06212131306529045,9.3,sharp,0.25,1,0.33518675423150235,0.7160187476687697,4
transplant_damped_1,transplant_damped,1,1,84,0.01182,0.07233328372240067,9.3,sharp,0.25,2,0.33518675423150235,0.7160187476687697,4
transplant_resonant_2,transplant_resonant,2,2,168,0.02364,0.05670887604355812,9.3,sharp,0.25,0,0.33518675423150235,0.7160187476687697,4
transplant_resonant_2,transplant_resonant,2,2,168,0.02364,0.059605833142995834,9.4,sharp,0.25,1,0.33518675423150235,0.7160187476687697,4
transplant_resonant_2,transplant_resonant,2,2,168,0.02364,0.07064341008663177,9.3,sharp,0.25,2,0.33518675423150235,0.7160187476687697,4
transplant_damped_2,transplant_damped,2,2,168,0.02364,0.057902731001377106,9.3,sharp,0.25,0,0.33518675423150235,0.7160187476687697,4
transplant_damped_2,transplant_damped,2,2,168,0.02364,0.06119707599282265,9.3,sharp,0.25,1,0.33518675423150235,0.7160187476687697,4
transplant_damped_2,transplant_damped,2,2,168,0.02364,0.07170325517654419,9.4,sharp,0.25,2,0.33518675423150235,0.7160187476687697,4
transplant_resonant_3,transplant_resonant,3,3,252,0.03546,0.05571475997567177,9.3,sharp,0.25,0,0.33518675423150235,0.7160187476687697,4
transplant_resonant_3,transplant_resonant,3,3,252,0.03546,0.058293502777814865,9.3,sharp,0.25,1,0.33518675423150235,0.7160187476687697,4
transplant_resonant_3,transplant_resonant,3,3,252,0.03546,0.07030797749757767,9.4,sharp,0.25,2,0.33518675423150235,0.7160187476687697,4
transplant_damped_3,transplant_damped,3,3,252,0.03546,0.057390544563531876,9.3,sharp,0.25,0,0.33518675423150235,0.7160187476687697,4
transplant_damped_3,transplant_damped,3,3,252,0.03546,0.060587070882320404,9.3,sharp,0.25,1,0.33518675423150235,0.7160187476687697,4
transplant_damped_3,transplant_damped,3,3,252,0.03546,0.07151399552822113,9.3,sharp,0.25,2,0.33518675423150235,0.7160187476687697,4
scratch,scratch,0,0,0,0.0,0.053773947060108185,9.3,sharp,0.5,0,0.2808754005306239,0.854471411688589,4
scratch,scratch,0,0,0,0.0,0.05653512850403786,9.3,sharp,0.5,1,0.2808754005306239,0.854471411688589,4
scratch,scratch,0,0,0,0.0,0.06791727989912033,9.3,sharp,0.5,2,0.2808754005306239,0.854471411688589,4
finetune,finetune,-1,0,7106,1.0,0.010730739682912827,9.3,sharp,0.5,0,0.2808754005306239,0.854471411688589,4
finetune,finetune,-1,0,7106,1.0,0.010761648416519165,9.3,sharp,0.5,1,0.2808754005306239,0.854471411688589,4
finetune,finetune,-1,0,7106,1.0,0.010869812220335007,9.6,sharp,0.5,2,0.2808754005306239,0.854471411688589,4
transplant_all,transplant_all,-2,8,672,0.09457,0.048037733882665634,9.4,sharp,0.5,0,0.2808754005306239,0.854471411688589,4
transplant_all,transplant_all,-2,8,672,0.09457,0.048348408192396164,9.4,sharp,0.5,1,0.2808754005306239,0.854471411688589,4
transplant_all,transplant_all,-2,8,672,0.09457,0.06462954729795456,9.2,sharp,0.5,2,0.2808754005306239,0.854471411688589,4
transplant_resonant_1,transplant_resonant,1,1,84,0.01182,0.052344001829624176,9.3,sharp,0.5,0,0.2808754005306239,0.854471411688589,4
transplant_resonant_1,transplant_resonant,1,1,84,0.01182,0.05432296544313431,9.3,sharp,0.5,1,0.2808754005306239,0.854471411688589,4
transplant_resonant_1,transplant_resonant,1,1,84,0.01182,0.066826231777668,9.3,sharp,0.5,2,0.2808754005306239,0.854471411688589,4
transplant_damped_1,transplant_damped,1,1,84,0.01182,0.05321471020579338,9.7,sharp,0.5,0,0.2808754005306239,0.854471411688589,4
transplant_damped_1,transplant_damped,1,1,84,0.01182,0.05576165392994881,9.2,sharp,0.5,1,0.2808754005306239,0.854471411688589,4
transplant_damped_1,transplant_damped,1,1,84,0.01182,0.06768812239170074,9.2,sharp,0.5,2,0.2808754005306239,0.854471411688589,4
transplant_resonant_2,transplant_resonant,2,2,168,0.02364,0.05145017430186272,9.2,sharp,0.5,0,0.2808754005306239,0.854471411688589,4
transplant_resonant_2,transplant_resonant,2,2,168,0.02364,0.053355518728494644,9.2,sharp,0.5,1,0.2808754005306239,0.854471411688589,4
transplant_resonant_2,transplant_resonant,2,2,168,0.02364,0.06628669798374176,9.2,sharp,0.5,2,0.2808754005306239,0.854471411688589,4
transplant_damped_2,transplant_damped,2,2,168,0.02364,0.052577875554561615,10.0,sharp,0.5,0,0.2808754005306239,0.854471411688589,4
transplant_damped_2,transplant_damped,2,2,168,0.02364,0.05499177426099777,10.3,sharp,0.5,1,0.2808754005306239,0.854471411688589,4
transplant_damped_2,transplant_damped,2,2,168,0.02364,0.06710228323936462,9.4,sharp,0.5,2,0.2808754005306239,0.854471411688589,4
transplant_resonant_3,transplant_resonant,3,3,252,0.03546,0.05060472711920738,9.7,sharp,0.5,0,0.2808754005306239,0.854471411688589,4
transplant_resonant_3,transplant_resonant,3,3,252,0.03546,0.05214688554406166,9.5,sharp,0.5,1,0.2808754005306239,0.854471411688589,4
transplant_resonant_3,transplant_resonant,3,3,252,0.03546,0.06606683135032654,9.5,sharp,0.5,2,0.2808754005306239,0.854471411688589,4
transplant_damped_3,transplant_damped,3,3,252,0.03546,0.052107226103544235,9.9,sharp,0.5,0,0.2808754005306239,0.854471411688589,4
transplant_damped_3,transplant_damped,3,3,252,0.03546,0.05450322851538658,9.8,sharp,0.5,1,0.2808754005306239,0.854471411688589,4
transplant_damped_3,transplant_damped,3,3,252,0.03546,0.06692744791507721,9.8,sharp,0.5,2,0.2808754005306239,0.854471411688589,4
scratch,scratch,0,0,0,0.0,0.04874178767204285,10.2,sharp,1.0,0,0.19722747655809594,1.2168689889884832,4
scratch,scratch,0,0,0,0.0,0.04735906794667244,9.8,sharp,1.0,1,0.19722747655809594,1.2168689889884832,4
scratch,scratch,0,0,0,0.0,0.058643512427806854,9.6,sharp,1.0,2,0.19722747655809594,1.2168689889884832,4
finetune,finetune,-1,0,7106,1.0,0.009354593232274055,9.7,sharp,1.0,0,0.19722747655809594,1.2168689889884832,4
finetune,finetune,-1,0,7106,1.0,0.009394611231982708,9.6,sharp,1.0,1,0.19722747655809594,1.2168689889884832,4
finetune,finetune,-1,0,7106,1.0,0.009118953719735146,9.5,sharp,1.0,2,0.19722747655809594,1.2168689889884832,4
transplant_all,transplant_all,-2,8,672,0.09457,0.044763755053281784,9.4,sharp,1.0,0,0.19722747655809594,1.2168689889884832,4
transplant_all,transplant_all,-2,8,672,0.09457,0.041036177426576614,9.4,sharp,1.0,1,0.19722747655809594,1.2168689889884832,4
transplant_all,transplant_all,-2,8,672,0.09457,0.056450121104717255,9.3,sharp,1.0,2,0.19722747655809594,1.2168689889884832,4
transplant_resonant_1,transplant_resonant,1,1,84,0.01182,0.047627683728933334,9.4,sharp,1.0,0,0.19722747655809594,1.2168689889884832,4
transplant_resonant_1,transplant_resonant,1,1,84,0.01182,0.045476581901311874,9.3,sharp,1.0,1,0.19722747655809594,1.2168689889884832,4
transplant_resonant_1,transplant_resonant,1,1,84,0.01182,0.05795092135667801,9.3,sharp,1.0,2,0.19722747655809594,1.2168689889884832,4
transplant_damped_1,transplant_damped,1,1,84,0.01182,0.04842609539628029,9.3,sharp,1.0,0,0.19722747655809594,1.2168689889884832,4
transplant_damped_1,transplant_damped,1,1,84,0.01182,0.04672535881400108,9.5,sharp,1.0,1,0.19722747655809594,1.2168689889884832,4
transplant_damped_1,transplant_damped,1,1,84,0.01182,0.05847449600696564,9.3,sharp,1.0,2,0.19722747655809594,1.2168689889884832,4
transplant_resonant_2,transplant_resonant,2,2,168,0.02364,0.04685588926076889,9.4,sharp,1.0,0,0.19722747655809594,1.2168689889884832,4
transplant_resonant_2,transplant_resonant,2,2,168,0.02364,0.044683780521154404,9.5,sharp,1.0,1,0.19722747655809594,1.2168689889884832,4
transplant_resonant_2,transplant_resonant,2,2,168,0.02364,0.05753712356090546,9.4,sharp,1.0,2,0.19722747655809594,1.2168689889884832,4
transplant_damped_2,transplant_damped,2,2,168,0.02364,0.047971028834581375,9.3,sharp,1.0,0,0.19722747655809594,1.2168689889884832,4
transplant_damped_2,transplant_damped,2,2,168,0.02364,0.046183906495571136,9.4,sharp,1.0,1,0.19722747655809594,1.2168689889884832,4
transplant_damped_2,transplant_damped,2,2,168,0.02364,0.058106012642383575,9.4,sharp,1.0,2,0.19722747655809594,1.2168689889884832,4
transplant_resonant_3,transplant_resonant,3,3,252,0.03546,0.04634523391723633,9.3,sharp,1.0,0,0.19722747655809594,1.2168689889884832,4
transplant_resonant_3,transplant_resonant,3,3,252,0.03546,0.043873485177755356,9.4,sharp,1.0,1,0.19722747655809594,1.2168689889884832,4
transplant_resonant_3,transplant_resonant,3,3,252,0.03546,0.057391732931137085,9.3,sharp,1.0,2,0.19722747655809594,1.2168689889884832,4
transplant_damped_3,transplant_damped,3,3,252,0.03546,0.04767683520913124,9.4,sharp,1.0,0,0.19722747655809594,1.2168689889884832,4
transplant_damped_3,transplant_damped,3,3,252,0.03546,0.04582080617547035,9.4,sharp,1.0,1,0.19722747655809594,1.2168689889884832,4
transplant_damped_3,transplant_damped,3,3,252,0.03546,0.05796355754137039,9.4,sharp,1.0,2,0.19722747655809594,1.2168689889884832,4
scratch,scratch,0,0,0,0.0,0.043669719249010086,9.4,sharp,1.75,0,0.11605075981793796,2.0680605657086204,4
scratch,scratch,0,0,0,0.0,0.03689255565404892,9.4,sharp,1.75,1,0.11605075981793796,2.0680605657086204,4
scratch,scratch,0,0,0,0.0,0.06000050902366638,9.5,sharp,1.75,2,0.11605075981793796,2.0680605657086204,4
finetune,finetune,-1,0,7106,1.0,0.011177812702953815,9.4,sharp,1.75,0,0.11605075981793796,2.0680605657086204,4
finetune,finetune,-1,0,7106,1.0,0.011470678262412548,9.4,sharp,1.75,1,0.11605075981793796,2.0680605657086204,4
finetune,finetune,-1,0,7106,1.0,0.010943297296762466,9.5,sharp,1.75,2,0.11605075981793796,2.0680605657086204,4
transplant_all,transplant_all,-2,8,672,0.09457,0.0419553704559803,9.4,sharp,1.75,0,0.11605075981793796,2.0680605657086204,4
transplant_all,transplant_all,-2,8,672,0.09457,0.03312264755368233,9.5,sharp,1.75,1,0.11605075981793796,2.0680605657086204,4
transplant_all,transplant_all,-2,8,672,0.09457,0.05923350900411606,9.4,sharp,1.75,2,0.11605075981793796,2.0680605657086204,4
transplant_resonant_1,transplant_resonant,1,1,84,0.01182,0.04308231174945831,9.4,sharp,1.75,0,0.11605075981793796,2.0680605657086204,4
transplant_resonant_1,transplant_resonant,1,1,84,0.01182,0.03559209033846855,9.4,sharp,1.75,1,0.11605075981793796,2.0680605657086204,4
transplant_resonant_1,transplant_resonant,1,1,84,0.01182,0.059636566787958145,9.5,sharp,1.75,2,0.11605075981793796,2.0680605657086204,4
transplant_damped_1,transplant_damped,1,1,84,0.01182,0.043566733598709106,9.6,sharp,1.75,0,0.11605075981793796,2.0680605657086204,4
transplant_damped_1,transplant_damped,1,1,84,0.01182,0.036424051970243454,9.4,sharp,1.75,1,0.11605075981793796,2.0680605657086204,4
transplant_damped_1,transplant_damped,1,1,84,0.01182,0.05993850901722908,9.5,sharp,1.75,2,0.11605075981793796,2.0680605657086204,4
transplant_resonant_2,transplant_resonant,2,2,168,0.02364,0.0426182821393013,9.5,sharp,1.75,0,0.11605075981793796,2.0680605657086204,4
transplant_resonant_2,transplant_resonant,2,2,168,0.02364,0.035026002675294876,9.5,sharp,1.75,1,0.11605075981793796,2.0680605657086204,4
transplant_resonant_2,transplant_resonant,2,2,168,0.02364,0.059420060366392136,9.5,sharp,1.75,2,0.11605075981793796,2.0680605657086204,4
transplant_damped_2,transplant_damped,2,2,168,0.02364,0.0433550663292408,9.5,sharp,1.75,0,0.11605075981793796,2.0680605657086204,4
transplant_damped_2,transplant_damped,2,2,168,0.02364,0.03612491488456726,9.5,sharp,1.75,1,0.11605075981793796,2.0680605657086204,4
transplant_damped_2,transplant_damped,2,2,168,0.02364,0.059779584407806396,9.5,sharp,1.75,2,0.11605075981793796,2.0680605657086204,4
transplant_resonant_3,transplant_resonant,3,3,252,0.03546,0.0424385741353035,9.5,sharp,1.75,0,0.11605075981793796,2.0680605657086204,4
transplant_resonant_3,transplant_resonant,3,3,252,0.03546,0.034676581621170044,9.5,sharp,1.75,1,0.11605075981793796,2.0680605657086204,4
transplant_resonant_3,transplant_resonant,3,3,252,0.03546,0.05948576703667641,9.5,sharp,1.75,2,0.11605075981793796,2.0680605657086204,4
transplant_damped_3,transplant_damped,3,3,252,0.03546,0.04325012490153313,9.5,sharp,1.75,0,0.11605075981793796,2.0680605657086204,4
transplant_damped_3,transplant_damped,3,3,252,0.03546,0.0359693206846714,9.5,sharp,1.75,1,0.11605075981793796,2.0680605657086204,4
transplant_damped_3,transplant_damped,3,3,252,0.03546,0.05980012193322182,9.5,sharp,1.75,2,0.11605075981793796,2.0680605657086204,4
