disaster,fips,svi,population,award_per_capita
4834,12001,0.6099,279729.0,2.0858618877556485
4834,12003,0.6188,27969.0,0.0
4834,12007,0.8867,27816.0,0.0
4834,12009,0.4817,610723.0,19.99526418687359
4834,12011,0.7814,1940907.0,0.7734054748630407
4834,12015,0.5953,189900.0,96.94708146392838
4834,12017,0.5698,155173.0,2.7579545410606228
4834,12019,0.3649,219650.0,2.5078253585249266
4834,12021,0.6141,380221.0,28.63979798590819
4834,12023,0.9138,69832.0,1.525649845343109
4834,12027,0.9981,34258.0,53.81738280109758
4834,12029,0.7719,16737.0,4.4418695106649935
4834,12031,0.7935,995708.0,0.2896849076235201
4834,12035,0.3121,117515.0,93.46788461047527
4834,12041,0.7337,18070.0,0.0
4834,12043,0.9058,12179.0,665.9732588882503
4834,12047,0.9803,13492.0,0.0
4834,12049,0.993,25528.0,117.4919927138828
4834,12051,0.9946,39902.0,5.165478923362238
4834,12053,0.6602,196621.0,45.0578047614446
4834,12055,0.8673,102339.0,37.111670135529955
4834,12057,0.7789,1468560.0,90.33038850302331
4834,12061,0.5145,160986.0,27.139030350465266
4834,12067,0.8409,8107.0,0.0
4834,12069,0.6214,386829.0,31.154225458794453
4834,12071,0.7086,772902.0,29.018957940333966
4834,12075,0.7582,43268.0,35.10202412868633
4834,12079,0.8638,17986.0,0.0
4834,12081,0.6332,405069.0,120.49249142738645
4834,12083,0.8196,378225.0,7.388618890871837
4834,12085,0.4642,159399.0,31.784068846103175
4834,12086,0.881,2688237.0,1.1841834146319685
4834,12087,0.6822,82044.0,0.0
4834,12089,0.2539,91538.0,4.48503135309926
4834,12093,0.9637,39870.0,24.811743165287183
4834,12095,0.7951,1427403.0,11.05884460800488
4834,12097,0.8307,393745.0,11.223587804289583
4834,12099,0.8008,1494805.0,5.646886276136352
4834,12101,0.7041,569211.0,67.41860231091815
4834,12103,0.7095,959918.0,125.75146730241543
4834,12105,0.8912,736229.0,25.96679838745825
4834,12107,0.9835,73604.0,5.725326069235368
4834,12109,0.1266,278722.0,91.20113424846262
4834,12111,0.7906,334682.0,7.201309810506689
4834,12115,0.3653,439392.0,148.53922627175734
4834,12117,0.3996,471321.0,12.190143914656886
4834,12119,0.3026,131832.0,58.603115404454144
4834,12121,0.8457,43881.0,2.6779387434197033
4834,12123,0.8062,21421.0,0.0
4834,12125,0.6669,15524.0,0.0
4834,12127,0.6987,558520.0,56.221617793454115
4830,13001,0.9122,18441.0,1288.9299110677298
4830,13003,0.8444,8265.0,2240.749500302481
4830,13005,0.889,11138.0,11364.640490213684
4830,13009,0.923,43778.0,3.566953721047101
4830,13011,0.3373,18381.0,0.8337228660029378
4830,13017,0.9265,17169.0,117.54310559729745
4830,13019,0.6748,18187.0,1457.4052240611425
4830,13023,0.7063,12413.0,15.636510110368162
4830,13025,0.3974,18105.0,168.7678657829329
4830,13027,0.9275,16275.0,291.45287926267275
4830,13029,0.3115,44995.0,112.39596710745639
4830,13031,0.8374,79829.0,161.32690789061618
4830,13033,0.7483,24337.0,866.6338435304267
4830,13035,0.5565,25522.0,22.237177337199277
4830,13039,0.6618,55105.0,15.98023337265221
4830,13043,0.916,10946.0,1870.0218015713504
4830,13049,0.8855,12547.0,0.0
4830,13051,0.805,296266.0,50.213013575638115
4830,13065,0.9348,6713.0,4118.246745121406
4830,13069,0.9609,43056.0,2071.7513519602376
4830,13071,0.9847,45813.0,1382.0521995940016
4830,13073,0.23,156921.0,497.01908068391106
4830,13075,0.9338,17242.0,388.3805730193713
4830,13081,0.978,20255.0,19.32990619600099
4830,13085,0.1861,27355.0,1.4258267227197952
4830,13087,0.9679,29063.0,0.0
4830,13091,0.8559,19977.0,72.55870200730841
4830,13093,0.9313,11236.0,35.90251512993948
4830,13101,0.4623,3707.0,543.455956298894
4830,13103,0.2851,65314.0,38.66694552469608
4830,13105,0.9224,19570.0,14.755371997956056
4830,13107,0.9494,22907.0,2250.703724189113
4830,13109,0.9784,10759.0,138.0741565201227
4830,13119,0.8314,23480.0,13.257264480408859
4830,13123,0.545,31519.0,0.0
4830,13125,0.6621,2903.0,3163.254898380985
4830,13127,0.7744,84566.0,45.671677861078926
4830,13131,0.944,26075.0,33.7118757430489
4830,13133,0.5081,19020.0,10.547362776025238
4830,13137,0.728,46326.0,48.82112571773949
4830,13141,0.9666,8588.0,83.03076851420587
4830,13147,0.7681,26110.0,47.965843355036384
4830,13155,0.8282,9487.0,1367.438901654896
4830,13157,0.3264,77033.0,9.369299001726532
4830,13159,0.5492,14882.0,0.0
4830,13161,0.8785,14791.0,5384.511158812793
4830,13163,0.9583,15591.0,5972.772772753512
4830,13165,0.8352,8704.0,1738.5569186580883
4830,13167,0.9322,9225.0,2171.2590764227643
4830,13171,0.4092,18676.0,17.340554722638682
4830,13173,0.8011,9964.0,2865.6526836611797
4830,13175,0.9014,49407.0,69.79385471694293
4830,13179,0.9007,65550.0,56.63637574370709
4830,13181,0.5488,7726.0,417.15321641211494
4830,13183,0.8851,16804.0,46.51079326350869
4830,13185,0.8702,118257.0,433.50969092738706
4830,13187,0.3608,33405.0,0.0
4830,13189,0.6567,21715.0,774.601551462123
4830,13191,0.7098,11183.0,22.968518286685146
4830,13195,0.7423,30378.0,3.6006718677990652
4830,13205,0.9914,21634.0,15.461725986872514
4830,13207,0.329,28287.0,0.0
4830,13209,0.7547,8687.0,281.49636007827786
4830,13221,0.4645,14974.0,38.30436089221317
4830,13223,0.1429,169898.0,3.500899186570766
4830,13229,0.3051,19822.0,217.31802845323372
4830,13231,0.0665,19145.0,0.0
4830,13235,0.9376,9887.0,0.0
4830,13237,0.5679,22206.0,0.0
4830,13241,0.441,16915.0,7.787655335501035
4830,13245,0.9513,206153.0,406.45679257638744
4830,13251,0.699,14026.0,74.83200128333095
4830,13257,0.7836,26732.0,9.10365816250187
4830,13265,0.692,1635.0,26.087602446483178
4830,13267,0.9287,24309.0,886.3916627586492
4830,13271,0.9765,12619.0,2279.275143830731
4830,13275,0.8158,45665.0,43.573872769079166
4830,13277,0.8759,41247.0,30.545136131112564
4830,13279,0.9857,26946.0,5118.667608179322
4830,13283,0.9389,6411.0,3607.277594759008
4830,13287,0.9675,8894.0,22.349713289858332
4830,13289,0.6538,7955.0,0.0
4830,13299,0.9596,35917.0,309.70187933290646
4830,13301,0.8123,5197.0,948.5562728497208
4830,13303,0.9115,19975.0,1346.6085687108884
4830,13305,0.9434,30277.0,54.65020708788849
4830,13309,0.7716,7550.0,4900.013554966887
4830,13311,0.3455,28165.0,0.0
4830,13315,0.8212,8839.0,0.0
4830,13317,0.6083,9610.0,524.117905306972
4830,13319,0.784,8852.0,1.2239279258924536
4830,13321,0.8571,20706.0,91.86684149521875
4829,45001,0.5988,24368.0,333.55138378200917
4829,45003,0.6322,169865.0,219.25145462573218
4829,45005,0.9955,8073.0,7.639593707419794
4829,45007,0.6303,204592.0,28.88170114178462
4829,45009,0.958,13311.0,134.83217789797914
4829,45011,0.9612,20653.0,9.31668522732775
4829,45013,0.469,189071.0,4.565140396993722
4829,45015,0.5447,231419.0,26.09740116412222
4829,45017,0.7273,14145.0,20.646361965358782
4829,45021,0.7798,56200.0,175.27686637010672
4829,45023,0.7047,32171.0,4.7732457803611945
4829,45029,0.966,38561.0,38.8120876014626
4829,45037,0.8476,26181.0,65.81688858332379
4829,45039,0.8893,20942.0,44.98723951867061
4829,45045,0.6246,528251.0,134.90869554435298
4829,45047,0.8466,69309.0,56.345069182934374
4829,45049,0.9621,18890.0,20.125348861831654
4829,45053,0.8829,29444.0,85.17358850699632
4829,45055,0.4782,65779.0,3.2345806412380855
4829,45057,0.4575,97611.0,0.0
4829,45059,0.8947,67456.0,618.8861333313569
4829,45063,0.4855,295934.0,43.31459788331181
4829,45065,0.6087,9612.0,102.06401581356639
4829,45071,0.8027,37918.0,259.96433619916667
4829,45073,0.6968,78775.0,37.38936883529039
4829,45075,0.9516,84159.0,10.740510937629963
4829,45077,0.5717,131106.0,333.93340510731775
4829,45079,0.7922,416161.0,384.2891906738017
4829,45081,0.8228,18952.0,24.35693013929928
4829,45083,0.7486,330119.0,113.21717550337908
4829,45087,0.9173,27158.0,57.49271890419029
4829,45089,0.9634,30879.0,5.528414456426698
4829,45091,0.3436,282987.0,13.96804054603215
4828,12001,0.6099,279729.0,33.193143042015656
4828,12003,0.6188,27969.0,3.374341234938682
4828,12005,0.7407,181055.0,1.1434442020380549
4828,12007,0.8867,27816.0,0.2190613316077078
4828,12013,0.8756,13753.0,0.9260103250199957
4828,12015,0.5953,189900.0,26.626222854133747
4828,12017,0.5698,155173.0,14.111856057432671
4828,12019,0.3649,219650.0,15.693549601638972
4828,12021,0.6141,380221.0,12.96708719402663
4828,12023,0.9138,69832.0,43.15695154084087
4828,12029,0.7719,16737.0,416.9801290553863
4828,12031,0.7935,995708.0,0.732909999718793
4828,12033,0.839,321296.0,0.03823492978437329
4828,12037,0.9017,12276.0,46.45332844574781
4828,12039,0.9742,43746.0,10.748612444566362
4828,12041,0.7337,18070.0,7.743251245157719
4828,12045,0.7082,15002.0,13.901293160911877
4828,12047,0.9803,13492.0,65.94509635339462
4828,12053,0.6602,196621.0,2.8905511110206947
4828,12057,0.7789,1468560.0,8.653712745819034
4828,12059,0.8081,19529.0,14.511751241743049
4828,12063,0.8085,47704.0,0.7201911789367768
4828,12065,0.7439,14458.0,480.03033614607835
4828,12067,0.8409,8107.0,18.107381275440975
4828,12071,0.7086,772902.0,10.297730617853233
4828,12073,0.6952,294128.0,2112.657073417015
4828,12075,0.7582,43268.0,172.3353214847
4828,12077,0.8266,7704.0,7.9470625649013495
4828,12079,0.8638,17986.0,184.0751745802291
4828,12081,0.6332,405069.0,32.975485929557685
4828,12083,0.8196,378225.0,1.7421224667856439
4828,12087,0.6822,82044.0,0.0
4828,12089,0.2539,91538.0,12.718202713627129
4828,12091,0.5266,212021.0,0.0
4828,12101,0.7041,569211.0,15.101894236056577
4828,12103,0.7095,959918.0,60.741106000720904
4828,12107,0.9835,73604.0,2.842605836639313
4828,12113,0.3213,188994.0,0.0
4828,12115,0.3653,439392.0,17.37476679138446
4828,12119,0.3026,131832.0,25.140051125675107
4828,12121,0.8457,43881.0,70.7800569722659
4828,12123,0.8062,21421.0,177.10553568927685
4828,12125,0.6669,15524.0,9.082327364081422
4828,12129,0.3058,33732.0,20.454127831139573
4828,12131,0.6287,76618.0,0.14261283249366988
4828,12133,0.8043,25014.0,8.740662828815863
4817,22005,0.384,126973.0,14.411713671410459
4817,22007,0.7296,21067.0,22.58776190250154
4817,22033,0.846,454369.0,36.702654890628544
4817,22037,0.5937,19452.0,2.067944684351224
4817,22047,0.8501,30210.0,8.716625620655412
4817,22051,0.8295,436171.0,7.476043891042734
4817,22057,0.7416,97220.0,30.433353733799624
4817,22063,0.4709,143425.0,3.7319662541397944
4817,22071,0.8381,380408.0,23.559061034468257
4817,22075,0.651,23305.0,131.95910963312593
4817,22087,0.9026,44038.0,8.39508152050502
4817,22089,0.4451,52191.0,24.713125443084056
4817,22091,0.9478,10872.0,18.492580022075053
4817,22093,0.2701,20090.0,46.960360876057734
4817,22095,0.7152,41986.0,28.508276092030677
4817,22099,0.7041,51856.0,1.9206548904659058
4817,22101,0.9109,49114.0,131.90557661766502
4817,22103,0.4868,266168.0,3.1970204908178292
4817,22105,0.8651,133953.0,4.474656260031503
4817,22109,0.7821,108862.0,329.3996153846155
4817,22117,0.9822,45514.0,38.59418398734455
4817,22125,0.4668,15358.0,0.4863204844380779
4798,48001,0.896,58077.0,0.0
4798,48005,0.9917,86608.0,0.0
4798,48007,0.7614,24048.0,5.858456004657351
4798,48015,0.7133,30406.0,36.411006709202134
4798,48037,0.8766,92747.0,1.7925149061425167
4798,48039,0.6519,374600.0,84.21651882007474
4798,48041,0.804,234548.0,0.0
4798,48051,0.5049,17958.0,0.0
4798,48057,0.72,20127.0,0.7037313062055944
4798,48061,0.9844,421854.0,0.13217734097578784
4798,48063,0.917,12543.0,0.0
4798,48067,0.8619,28637.0,0.0
4798,48071,0.4798,47037.0,3.4406348193974954
4798,48073,0.9717,50824.0,0.0
4798,48089,0.7639,20582.0,4.67500825964435
4798,48123,0.8441,19826.0,0.0
4798,48149,0.5234,24564.0,0.0
4798,48157,0.4515,832607.0,18.839220640710444
4798,48161,0.8088,19599.0,0.0
4798,48167,0.7378,350801.0,64.06916724866804
4798,48175,0.5243,7092.0,0.0
4798,48183,0.8731,124245.0,0.0
4798,48185,0.8676,29442.0,71.15570409618911
4798,48199,0.6465,56576.0,0.0
4798,48201,0.9201,4726177.0,23.158836239099802
4798,48203,0.9036,69098.0,5.192246085270196
4798,48215,0.9841,873167.0,0.10229312376670215
4798,48225,0.9625,22107.0,6.2936377617949075
4798,48239,0.8094,15010.0,234.031781479014
4798,48241,0.8737,33032.0,27.443458464519257
4798,48245,0.9723,254942.0,0.0
4798,48261,0.6678,116.0,0.0
4798,48273,0.9924,30860.0,0.9432663642255347
4798,48285,0.5752,20379.0,0.0
4798,48287,0.7856,17543.0,0.0
4798,48289,0.6974,15928.0,0.0
4798,48291,0.9739,93523.0,15.939369887621226
4798,48313,0.9131,13556.0,0.0
4798,48315,0.7315,9668.0,0.0
4798,48321,0.9758,36251.0,73.72232021185626
4798,48331,0.798,25080.0,0.0
4798,48339,0.5212,629989.0,37.9512007828708
4798,48343,0.7792,11993.0,0.0
4798,48347,0.9952,64768.0,0.14282099184782607
4798,48351,0.8463,12333.0,0.0
4798,48355,0.9351,353245.0,0.30892994946849917
4798,48361,0.6853,84761.0,0.0
4798,48365,0.7331,22540.0,0.0
4798,48373,0.9208,50536.0,13.283886536330536
4798,48391,0.9653,6718.0,15.303605239654658
4798,48395,0.8546,16912.0,0.0
4798,48401,0.7973,52755.0,0.0
4798,48403,0.5609,9980.0,0.0
4798,48405,0.9885,7920.0,124.73707954545453
4798,48407,0.8091,27666.0,6.957682715246151
4798,48409,0.9249,68942.0,0.3548829450842738
4798,48419,0.8778,24157.0,14.76452167073726
4798,48455,0.9185,13735.0,11.051176556243174
4798,48457,0.9319,19962.0,18.465988878869855
4798,48459,0.6017,41261.0,0.0
4798,48469,0.9198,91209.0,11.728977622822308
4798,48471,0.9392,77182.0,14.58610155217538
4798,48473,0.8317,57463.0,5.681870420966535
4798,48477,0.6522,35807.0,8.783809031753567
4798,48479,0.9831,267282.0,0.01949944253634738
4798,48481,0.9456,41614.0,106.01855144903155
4798,48489,0.985,20308.0,0.0
4738,13001,0.9122,18441.0,12.560272761780814
4738,13003,0.8444,8265.0,48.348013309134906
4738,13005,0.889,11138.0,301.3606015442629
4738,13019,0.6748,18187.0,33.26479188431296
4738,13025,0.3974,18105.0,56.8032908036454
4738,13027,0.9275,16275.0,243.6205904761905
4738,13031,0.8374,79829.0,68.63797554773328
4738,13033,0.7483,24337.0,0.29050375970744136
4738,13039,0.6618,55105.0,0.5852381816532075
4738,13043,0.916,10946.0,69.1091129179609
4738,13049,0.8855,12547.0,0.0
4738,13065,0.9348,6713.0,537.4732027409505
4738,13069,0.9609,43056.0,10.906529403567447
4738,13071,0.9847,45813.0,210.6153203239255
4738,13075,0.9338,17242.0,20.644373622549587
4738,13101,0.4623,3707.0,20.238845427569462
4738,13107,0.9494,22907.0,1.3454380756973852
4738,13127,0.7744,84566.0,10.993180829174847
4738,13161,0.8785,14791.0,0.0
4738,13165,0.8352,8704.0,31.946220128676465
4738,13173,0.8011,9964.0,25.494981934965878
4738,13185,0.8702,118257.0,172.73386945381662
4738,13209,0.7547,8687.0,37.49099343847128
4738,13229,0.3051,19822.0,10.459168096054889
4738,13251,0.699,14026.0,42.42398402965921
4738,13267,0.9287,24309.0,6.812330001234111
4738,13275,0.8158,45665.0,17.366013358151758
4738,13277,0.8759,41247.0,2.119453051130992
4738,13279,0.9857,26946.0,10.494559118236475
4738,13283,0.9389,6411.0,5.993372328809858
4738,13299,0.9596,35917.0,18.85582676726898
4738,13305,0.9434,30277.0,1.1193744426462329
4734,12001,0.6099,279729.0,4.639096089429412
4734,12003,0.6188,27969.0,0.47820122278236615
4734,12005,0.7407,181055.0,0.0
4734,12007,0.8867,27816.0,0.0
4734,12009,0.4817,610723.0,0.04502530607165606
4734,12013,0.8756,13753.0,0.0
4734,12015,0.5953,189900.0,25.27129684044234
4734,12017,0.5698,155173.0,22.700048268706542
4734,12019,0.3649,219650.0,13.480580332346914
4734,12021,0.6141,380221.0,0.0
4734,12023,0.9138,69832.0,13.384582712796426
4734,12027,0.9981,34258.0,0.5306348882012961
4734,12029,0.7719,16737.0,234.94720857979323
4734,12031,0.7935,995708.0,5.21190547831292
4734,12035,0.3121,117515.0,1.3212076756158788
4734,12037,0.9017,12276.0,10.215885467579016
4734,12039,0.9742,43746.0,23.358611073012387
4734,12041,0.7337,18070.0,64.06702933038184
4734,12045,0.7082,15002.0,1.852784962005066
4734,12047,0.9803,13492.0,118.81319967388082
4734,12049,0.993,25528.0,1.1040488874960828
4734,12053,0.6602,196621.0,5.221677033480655
4734,12057,0.7789,1468560.0,6.159745553467342
4734,12065,0.7439,14458.0,138.2341229768986
4734,12067,0.8409,8107.0,224.6326754656469
4734,12069,0.6214,386829.0,0.5991213688735849
4734,12071,0.7086,772902.0,1.7704156413102825
4734,12073,0.6952,294128.0,1043.9985414853395
4734,12075,0.7582,43268.0,334.65545368401575
4734,12077,0.8266,7704.0,1.2755854101765318
4734,12079,0.8638,17986.0,591.0301367730458
4734,12081,0.6332,405069.0,13.308693926219977
4734,12083,0.8196,378225.0,1.829136387071188
4734,12089,0.2539,91538.0,7.106682470667919
4734,12095,0.7951,1427403.0,0.40234957471716115
4734,12097,0.8307,393745.0,0.056765393846271064
4734,12101,0.7041,569211.0,4.872340608315722
4734,12103,0.7095,959918.0,5.670248250371384
4734,12105,0.8912,736229.0,0.3007567618227481
4734,12107,0.9835,73604.0,0.9095928210423346
4734,12109,0.1266,278722.0,28.100182296338286
4734,12115,0.3653,439392.0,17.223253086082586
4734,12117,0.3996,471321.0,0.1241748829354092
4734,12119,0.3026,131832.0,34.361102994720554
4734,12121,0.8457,43881.0,730.0852444110208
4734,12123,0.8062,21421.0,410.09254143130556
4734,12125,0.6669,15524.0,5.002131538263334
4734,12127,0.6987,558520.0,0.6008616164148105
4734,12129,0.3058,33732.0,3.4617378157239416
4680,12001,0.6099,279729.0,1.0830979626710135
4680,12003,0.6188,27969.0,0.0
4680,12007,0.8867,27816.0,0.0
4680,12009,0.4817,610723.0,33.58831037966476
4680,12011,0.7814,1940907.0,0.053336043406510464
4680,12013,0.8756,13753.0,0.0
4680,12015,0.5953,189900.0,0.0
4680,12017,0.5698,155173.0,0.0
4680,12019,0.3649,219650.0,4.122607420896882
4680,12021,0.6141,380221.0,0.0
4680,12023,0.9138,69832.0,0.0
4680,12027,0.9981,34258.0,0.0
4680,12029,0.7719,16737.0,0.0
4680,12031,0.7935,995708.0,3.2992537571255833
4680,12035,0.3121,117515.0,86.32248521465344
4680,12037,0.9017,12276.0,0.0
4680,12039,0.9742,43746.0,3.8948815891738673
4680,12041,0.7337,18070.0,0.0
4680,12043,0.9058,12179.0,0.0
4680,12045,0.7082,15002.0,0.0
4680,12047,0.9803,13492.0,0.0
4680,12049,0.993,25528.0,1.790694139768098
4680,12051,0.9946,39902.0,0.0
4680,12053,0.6602,196621.0,0.0
4680,12055,0.8673,102339.0,0.0
4680,12057,0.7789,1468560.0,0.06832685079261318
4680,12059,0.8081,19529.0,0.0
4680,12061,0.5145,160986.0,49.86834277514816
4680,12063,0.8085,47704.0,0.0
4680,12065,0.7439,14458.0,0.0
4680,12067,0.8409,8107.0,0.0
4680,12069,0.6214,386829.0,0.9026846487724549
4680,12071,0.7086,772902.0,0.0
4680,12073,0.6952,294128.0,12.924642706576728
4680,12075,0.7582,43268.0,0.07898562447998521
4680,12077,0.8266,7704.0,0.0
4680,12079,0.8638,17986.0,0.0
4680,12081,0.6332,405069.0,0.013999170511690601
4680,12083,0.8196,378225.0,0.718222380857955
4680,12085,0.4642,159399.0,138.85473227561027
4680,12086,0.881,2688237.0,0.06777960425364282
4680,12089,0.2539,91538.0,108.83603760187027
4680,12093,0.9637,39870.0,0.4501251567594683
4680,12095,0.7951,1427403.0,0.6351711885150864
4680,12097,0.8307,393745.0,0.044594699615233206
4680,12099,0.8008,1494805.0,9.352018958994652
4680,12101,0.7041,569211.0,0.04683238728696388
4680,12103,0.7095,959918.0,0.0382616848522478
4680,12105,0.8912,736229.0,0.2893528779768252
4680,12107,0.9835,73604.0,0.48977922395521983
4680,12109,0.1266,278722.0,59.64663837084981
4680,12111,0.7906,334682.0,3.727118757507127
4680,12115,0.3653,439392.0,0.0
4680,12117,0.3996,471321.0,0.9302222476825772
4680,12119,0.3026,131832.0,7.940263517203714
4680,12121,0.8457,43881.0,0.0
4680,12123,0.8062,21421.0,0.0
4680,12125,0.6669,15524.0,0.0
4680,12127,0.6987,558520.0,9.471804304232617
4680,12129,0.3058,33732.0,0.0
4680,12133,0.8043,25014.0,0.0
4677,45001,0.5988,24368.0,0.0
4677,45003,0.6322,169865.0,0.0
4677,45005,0.9955,8073.0,0.0
4677,45007,0.6303,204592.0,0.0
4677,45009,0.958,13311.0,0.0
4677,45011,0.9612,20653.0,0.951215803999419
4677,45013,0.469,189071.0,0.49848660027185554
4677,45015,0.5447,231419.0,23.767097299703135
4677,45017,0.7273,14145.0,6.0089918699187
4677,45019,0.4343,409840.0,9.133699760882296
4677,45021,0.7798,56200.0,0.0
4677,45023,0.7047,32171.0,0.0
4677,45025,0.9462,43536.0,1.1983149577361263
4677,45027,0.9691,31163.0,0.0
4677,45029,0.966,38561.0,0.10348409014289048
4677,45031,0.8921,63025.0,0.12599444664815548
4677,45033,0.9745,28255.0,0.0
4677,45035,0.6306,162139.0,0.9198521022085988
4677,45037,0.8476,26181.0,0.0
4677,45039,0.8893,20942.0,0.0
4677,45041,0.8256,137015.0,0.4639475239937233
4677,45043,0.5301,63594.0,38.317707488127816
4677,45045,0.6246,528251.0,0.0
4677,45047,0.8466,69309.0,0.0
4677,45049,0.9621,18890.0,0.0
4677,45051,0.7022,356578.0,9.698204544307275
4677,45053,0.8829,29444.0,13.727125050944164
4677,45055,0.4782,65779.0,0.0
4677,45057,0.4575,97611.0,0.0
4677,45059,0.8947,67456.0,0.0
4677,45061,0.9704,16557.0,0.0
4677,45063,0.4855,295934.0,6.114758898943683
4677,45065,0.6087,9612.0,0.0
4677,45067,0.8753,29212.0,0.0
4677,45069,0.9405,26585.0,0.0
4677,45071,0.8027,37918.0,0.0
4677,45073,0.6968,78775.0,0.0
4677,45075,0.9516,84159.0,0.0
4677,45077,0.5717,131106.0,0.0
4677,45079,0.7922,416161.0,6.136919317283455
4677,45081,0.8228,18952.0,0.0
4677,45083,0.7486,330119.0,0.0
4677,45085,0.8762,105199.0,0.9363624178937062
4677,45087,0.9173,27158.0,0.0
4677,45089,0.9634,30879.0,36.58746721072574
4677,45091,0.3436,282987.0,0.0
4673,12001,0.6099,279729.0,5.564261481648311
4673,12003,0.6188,27969.0,0.43342915370588864
4673,12005,0.7407,181055.0,0.0
4673,12007,0.8867,27816.0,1.8333721599079666
4673,12009,0.4817,610723.0,21.73888702406819
4673,12011,0.7814,1940907.0,0.7701795809897125
4673,12013,0.8756,13753.0,0.0
4673,12015,0.5953,189900.0,761.2110699315429
4673,12017,0.5698,155173.0,0.04382779220611833
4673,12019,0.3649,219650.0,11.017152606419303
4673,12021,0.6141,380221.0,189.96553817385157
4673,12023,0.9138,69832.0,0.21378164738228891
4673,12027,0.9981,34258.0,774.378720590811
4673,12029,0.7719,16737.0,1.7831170460656034
4673,12031,0.7935,995708.0,17.479732130303265
4673,12033,0.839,321296.0,0.0
4673,12035,0.3121,117515.0,48.351075011700644
4673,12037,0.9017,12276.0,0.0
4673,12039,0.9742,43746.0,0.20177364787637725
4673,12041,0.7337,18070.0,0.0
4673,12043,0.9058,12179.0,225.7751802282618
4673,12045,0.7082,15002.0,0.0
4673,12047,0.9803,13492.0,0.0
4673,12049,0.993,25528.0,1036.3834346599813
4673,12051,0.9946,39902.0,27.342885068417626
4673,12053,0.6602,196621.0,4.490964240849146
4673,12055,0.8673,102339.0,108.90852988596721
4673,12057,0.7789,1468560.0,29.970743558315636
4673,12059,0.8081,19529.0,0.0
4673,12061,0.5145,160986.0,21.829683823438064
4673,12063,0.8085,47704.0,0.0
4673,12065,0.7439,14458.0,0.0
4673,12067,0.8409,8107.0,0.0
4673,12069,0.6214,386829.0,20.28128602043797
4673,12071,0.7086,772902.0,682.0280346667496
4673,12073,0.6952,294128.0,5254.086662439485
4673,12075,0.7582,43268.0,17.666946935379496
4673,12077,0.8266,7704.0,0.0
4673,12079,0.8638,17986.0,0.31163905259646396
4673,12081,0.6332,405069.0,74.36476948371754
4673,12083,0.8196,378225.0,2.82300641152753
4673,12085,0.4642,159399.0,7.425783348703567
4673,12086,0.881,2688237.0,0.34788620199781495
4673,12087,0.6822,82044.0,53.119855199648974
4673,12089,0.2539,91538.0,6.065636675479036
4673,12091,0.5266,212021.0,0.0
4673,12093,0.9637,39870.0,117.89555053925258
4673,12095,0.7951,1427403.0,44.12583800090096
4673,12097,0.8307,393745.0,14.929548387916032
4673,12099,0.8008,1494805.0,10.266830870916275
4673,12101,0.7041,569211.0,6.558666083403167
4673,12103,0.7095,959918.0,16.04387847711992
4673,12105,0.8912,736229.0,53.34121095474369
4673,12107,0.9835,73604.0,10.359107928916908
4673,12109,0.1266,278722.0,125.62381247264298
4673,12111,0.7906,334682.0,5.346186051236697
4673,12113,0.3213,188994.0,0.0
4673,12115,0.3653,439392.0,303.5122396857477
4673,12117,0.3996,471321.0,72.13938929095033
4673,12119,0.3026,131832.0,48.38224626797743
4673,12121,0.8457,43881.0,0.0
4673,12123,0.8062,21421.0,0.0
4673,12125,0.6669,15524.0,0.0
4673,12127,0.6987,558520.0,102.16172335816091
4673,12129,0.3058,33732.0,0.0
4673,12131,0.6287,76618.0,0.06604857866297738
4673,12133,0.8043,25014.0,0.0
4626,28001,0.971,29425.0,0.0
4626,28003,0.8944,34717.0,0.0
4626,28005,0.7894,12683.0,0.0
4626,28007,0.957,17842.0,0.0
4626,28009,0.7725,7637.0,0.0
4626,28011,0.994,30688.0,0.0
4626,28013,0.8988,13193.0,0.0
4626,28015,0.7,9930.0,0.0
4626,28017,0.9542,17024.0,0.0
4626,28019,0.7932,8208.0,0.0
4626,28021,0.819,9044.0,1.6393896505970809
4626,28023,0.8021,15553.0,0.0
4626,28025,0.7913,18598.0,0.0
4626,28027,0.9895,21264.0,0.0
4626,28029,0.7976,28210.0,0.0
4626,28031,0.7674,18323.0,0.5712809037821317
4626,28033,0.3563,186214.0,0.0
4626,28035,0.9497,77917.0,6.659636022947496
4626,28037,0.5787,7690.0,0.5851755526657998
4626,28039,0.8384,24547.0,35.38987860023627
4626,28041,0.7776,13672.0,0.0
4626,28043,0.8492,21474.0,0.0
4626,28045,0.4776,46010.0,237.06922516844162
4626,28047,0.9182,208748.0,25.179959281047
4626,28049,0.9154,226541.0,2.0869414366494365
4626,28051,0.992,16848.0,0.0
4626,28053,0.9787,7744.0,0.0
4626,28055,0.9539,1206.0,0.0
4626,28057,0.2463,23888.0,0.0
4626,28059,0.8288,143721.0,10.398348536400388
4626,28061,0.6281,16320.0,0.0
4626,28063,0.8991,7207.0,71.8735410018038
4626,28065,0.8743,11291.0,0.0
4626,28067,0.791,67152.0,0.2903444424588992
4626,28069,0.95,8980.0,0.0
4626,28071,0.4391,56172.0,0.0
4626,28073,0.6032,64425.0,0.0
4626,28075,0.959,72741.0,0.0
4626,28077,0.8505,11933.0,0.0
4626,28079,0.9574,21335.0,0.0
4626,28081,0.7455,83343.0,0.0
4626,28083,0.9411,27920.0,0.0
4626,28085,0.6042,34855.0,12.069308277148183
4626,28087,0.7521,58547.0,0.0
4626,28089,0.3554,109257.0,0.0
4626,28091,0.8928,24362.0,0.0
4626,28093,0.8699,33980.0,0.0
4626,28095,0.6163,34168.0,0.0
4626,28097,0.9599,9803.0,0.0
4626,28099,0.9402,28970.0,0.0
4626,28101,0.6793,21275.0,0.0
4626,28103,0.964,10261.0,0.0
4626,28105,0.6939,51388.0,0.0
4626,28107,0.8626,33157.0,0.0
4626,28109,0.6907,56351.0,17.34949424145091
4626,28111,0.6914,11511.0,0.0
4626,28113,0.9812,40098.0,161.27539378522619
4626,28115,0.6087,31202.0,0.0
4626,28117,0.6993,24945.0,0.0
4626,28119,0.9551,6113.0,0.0
4626,28121,0.3732,157185.0,3.8626552788115913
4626,28123,0.9217,27943.0,0.0
4626,28125,0.9838,3910.0,0.0
4626,28127,0.7808,25889.0,0.0
4626,28129,0.7251,14310.0,69.22569741439553
4626,28131,0.8587,18360.0,1.0498997821350762
4626,28133,0.9303,25867.0,0.0
4626,28135,0.9141,12621.0,0.0
4626,28137,0.8915,28094.0,0.0
4626,28139,0.8839,21769.0,0.0
4626,28141,0.7467,18837.0,0.0
4626,28143,0.9602,9787.0,0.0
4626,28145,0.6977,27880.0,0.0
4626,28147,0.8982,13888.0,9.04579565092166
4626,28149,0.8279,44341.0,0.0
4626,28151,0.9971,44604.0,0.0
4626,28153,0.9119,19760.0,9.7951487854251
4626,28155,0.6112,9942.0,0.0
4626,28157,0.8349,8531.0,3.3497667330910796
4626,28159,0.8543,17741.0,0.0
4626,28161,0.7429,12499.0,0.0
4626,28163,0.9975,27467.0,0.0
