system,weights,ky,kx,radius,extracted_magnitude,extracted_freq,label,exact_magnitude,exact_freq,magnitude_error,freq_error
rotating,trained,-6,0,6.0,0.8392911748912399,0.023686848089772134,damped,0.8704096536513517,0.0238732414637843,-0.031118478760111756,-0.00018639337401216496
rotating,trained,-5,0,5.0,0.896665173747131,0.024131339955638615,damped,0.9081162722143948,0.0238732414637843,-0.011451098467263887,0.00025809849185431596
rotating,trained,-5,1,5.0990195135927845,0.8392099793013009,0.023689868822657084,damped,0.9046219388421827,0.023873241463784306,-0.06541195954088175,-0.00018337264112722185
rotating,trained,-5,2,5.385164807134504,0.8392483387905595,0.023702549541241968,damped,0.8942194068777493,0.023873241463784306,-0.05497106808718977,-0.00017069192254233825
rotating,trained,-5,3,5.830951894845301,0.8392895862213674,0.023702766006642395,damped,0.8771470002880658,0.0238732414637843,-0.0378574140666984,-0.00017047545714190399
rotating,trained,-4,0,4.0,0.9399939969150616,0.0237202400075872,damped,0.9401789706739411,0.0238732414637843,-0.00018497375887949197,-0.00015300145619710076
rotating,trained,-4,1,4.123105625617661,0.9325053195014218,0.023921060341512902,damped,0.9365612634996526,0.023873241463784296,-0.004055943998230838,4.781887772860663e-05
rotating,trained,-4,2,4.47213595499958,0.9218191387993341,0.02370829015323185,damped,0.9257914512036179,0.023873241463784306,-0.003972312404283862,-0.00016495131055245527
rotating,trained,-4,3,5.0,0.9052497391348691,0.023661331358797517,damped,0.9081162722143948,0.0238732414637843,-0.0028665330795257793,-0.00021191010498678234
rotating,trained,-4,4,5.656854249492381,0.8822195128474554,0.023589893025128074,damped,0.8839364968975113,0.023873241463784306,-0.0017169840500559364,-0.0002833484386562321
rotating,trained,-3,0,3.0,0.9623841010975036,0.02379178301175851,damped,0.9658972392920434,0.023873241463784306,-0.0035131381945398,-8.14584520257948e-05
rotating,trained,-3,1,3.1622776601683795,0.9576873085426453,0.02367372106860408,damped,0.9621805709967428,0.023873241463784306,-0.004493262454097535,-0.000199520395180227
rotating,trained,-3,2,3.605551275463989,0.9478131286793792,0.02358772374005857,damped,0.9511161542325851,0.0238732414637843,-0.0033030255532059405,-0.0002855177237257277
rotating,trained,-3,3,4.242640687119285,0.9293726352669623,0.023597700552111106,damped,0.9329574768719912,0.0238732414637843,-0.00358484160502881,-0.000275540911673193
rotating,trained,-3,4,5.0,0.9044890586538482,0.0235624010105205,damped,0.9081162722143948,0.0238732414637843,-0.003627213560546627,-0.00031084045326379775
rotating,trained,-3,5,5.830951894845301,0.8744378830413547,0.023962804701739397,damped,0.8771470002880658,0.0238732414637843,-0.002709117246711079,8.956323795509744e-05
rotating,trained,-2,0,2.0,0.9803394869867812,0.02368867668690048,damped,0.9846970418195912,0.023873241463784306,-0.004357554832809973,-0.00018456477688382628
rotating,trained,-2,1,2.23606797749979,0.9765201549655216,0.023710054731325418,damped,0.9809080339138542,0.0238732414637843,-0.004387878948332591,-0.00016318673245888093
rotating,trained,-2,2,2.8284271247461903,0.9659461666474638,0.02383485580617114,damped,0.9696282641682539,0.0238732414637843,-0.003682097520790073,-3.838565761316026e-05
rotating,trained,-2,3,3.605551275463989,0.9477370709952179,0.023794813663796408,damped,0.9511161542325851,0.0238732414637843,-0.003379083237367242,-7.842779998789087e-05
rotating,trained,-2,4,4.47213595499958,0.9219148506367649,0.023695481483084677,damped,0.9257914512036179,0.023873241463784306,-0.003876600566853017,-0.0001777599806996287
rotating,trained,-2,5,5.385164807134504,0.8919242839995137,0.02379914701645323,damped,0.8942194068777493,0.023873241463784306,-0.0022951228782355226,-7.40944473310752e-05
rotating,trained,-1,0,1.0,0.9899616983361444,0.023571908702127456,damped,0.9961521079633432,0.0238732414637843,-0.006190409627198745,-0.00030133276165684314
rotating,trained,-1,1,1.4142135623730951,0.9874513334668645,0.02379709448859216,damped,0.9923190221998122,0.0238732414637843,-0.004867688732947628,-7.6146975192138e-05
rotating,trained,-1,2,2.23606797749979,0.9765917066214309,0.023829632767548112,damped,0.9809080339138542,0.0238732414637843,-0.004316327292423261,-4.3608696236187294e-05
rotating,trained,-1,3,3.1622776601683795,0.9585512106148374,0.023771400474465135,damped,0.9621805709967428,0.023873241463784306,-0.003629360381905422,-0.0001018409893191706
rotating,trained,-1,4,4.123105625617661,0.932910433653947,0.02372366273831406,damped,0.9365612634996526,0.023873241463784296,-0.0036508298457056387,-0.00014957872547023687
rotating,trained,-1,5,5.0990195135927845,0.9006942677061522,0.02360354494941598,damped,0.9046219388421827,0.023873241463784306,-0.003927671136030431,-0.00026969651436832554
rotating,trained,0,0,0.0,0.9948715852033355,0.02360732861966425,damped,0.9999999999999999,0.0238732414637843,-0.005128414796664371,-0.00026591284412004826
rotating,trained,0,1,1.0,0.9921367402733311,0.023673776347615767,damped,0.9961521079633432,0.0238732414637843,-0.004015367690012095,-0.0001994651161685325
rotating,trained,0,2,2.0,0.9802563439973323,0.023642935179330738,damped,0.9846970418195912,0.023873241463784306,-0.0044406978222588656,-0.0002303062844535679
rotating,trained,0,3,3.0,0.9621435060868113,0.023532231662186712,damped,0.9658972392920434,0.023873241463784306,-0.0037537332052320904,-0.0003410098015975936
rotating,trained,0,4,4.0,0.9371338687164682,0.023584332025151575,damped,0.9401789706739411,0.0238732414637843,-0.0030451019574728733,-0.0002889094386327243
rotating,trained,0,5,5.0,0.9051085137034491,0.02349729126227812,damped,0.9081162722143948,0.0238732414637843,-0.0030077585109457017,-0.0003759502015061797
rotating,trained,0,6,6.0,0.8687023210344597,0.023932015232241612,damped,0.8704096536513517,0.0238732414637843,-0.0017073326168920433,5.877376845731322e-05
rotating,trained,1,0,1.0,0.9899739014128165,0.023573097201985846,damped,0.9961521079633432,0.0238732414637843,-0.006178206550526699,-0.00030014426179845316
rotating,trained,1,1,1.4142135623730951,0.9884090967097653,0.023760768352672535,damped,0.9923190221998122,0.0238732414637843,-0.003909925490046873,-0.00011247311111176397
rotating,trained,1,2,2.23606797749979,0.9769377843683354,0.023712144152227152,damped,0.9809080339138542,0.0238732414637843,-0.0039702495455187226,-0.00016109731155714707
rotating,trained,1,3,3.1622776601683795,0.9586190021532522,0.02372923795305861,damped,0.9621805709967428,0.023873241463784306,-0.00356156884349057,-0.00014400351072569456
rotating,trained,1,4,4.123105625617661,0.9329611522392458,0.02368204725131461,damped,0.9365612634996526,0.023873241463784296,-0.003600111260406824,-0.00019119421246968638
rotating,trained,1,5,5.0990195135927845,0.9012432464782613,0.02393874099784769,damped,0.9046219388421827,0.023873241463784306,-0.0033786923639214095,6.549953406338391e-05
rotating,trained,2,0,2.0,0.9803498635770973,0.023689477575664954,damped,0.9846970418195912,0.023873241463784306,-0.004347178242493865,-0.00018376388811935235
rotating,trained,2,1,2.23606797749979,0.976532086108947,0.023769088959217928,damped,0.9809080339138542,0.0238732414637843,-0.004375947804907132,-0.00010415250456637104
rotating,trained,2,2,2.8284271247461903,0.9651547613510596,0.023681739775929123,damped,0.9696282641682539,0.0238732414637843,-0.004473502817194275,-0.00019150168785517577
rotating,trained,2,3,3.605551275463989,0.9470148065011157,0.02361311241602601,damped,0.9511161542325851,0.0238732414637843,-0.004101347731469418,-0.0002601290477582882
rotating,trained,2,4,4.47213595499958,0.9212679046089358,0.023542757876186593,damped,0.9257914512036179,0.023873241463784306,-0.004523546594682126,-0.000330483587597713
rotating,trained,2,5,5.385164807134504,0.8903481293913648,0.02380795577837551,damped,0.8942194068777493,0.023873241463784306,-0.0038712774863844945,-6.528568540879742e-05
rotating,trained,3,0,3.0,0.9623955016410539,0.023791928413929714,damped,0.9658972392920434,0.023873241463784306,-0.0035017376509894893,-8.13130498545922e-05
rotating,trained,3,1,3.1622776601683795,0.9581116115779712,0.023701384641326966,damped,0.9621805709967428,0.023873241463784306,-0.004068959418771612,-0.00017185682245733983
rotating,trained,3,2,3.605551275463989,0.9473502858252167,0.02369703478841151,damped,0.9511161542325851,0.0238732414637843,-0.003765868407368367,-0.0001762066753727906
rotating,trained,3,3,4.242640687119285,0.9297484725667137,0.023567759889369152,damped,0.9329574768719912,0.0238732414637843,-0.0032090043052774853,-0.0003054815744151472
rotating,trained,3,4,5.0,0.9055183707655865,0.023607222481348514,damped,0.9081162722143948,0.0238732414637843,-0.0025979014488083374,-0.0002660189824357853
rotating,trained,3,5,5.830951894845301,0.8756674650190955,0.0235767931782807,damped,0.8771470002880658,0.0238732414637843,-0.0014795352689702668,-0.0002964482855035977
rotating,trained,4,0,4.0,0.9399961215919097,0.023717624953142415,damped,0.9401789706739411,0.0238732414637843,-0.00018284908203136663,-0.00015561651064188373
rotating,trained,4,1,4.123105625617661,0.932532902850269,0.023587461356265355,damped,0.9365612634996526,0.023873241463784296,-0.004028360649383611,-0.00028578010751894103
rotating,trained,4,2,4.47213595499958,0.921616041634868,0.023559258127703837,damped,0.9257914512036179,0.023873241463784306,-0.004175409568749955,-0.00031398333608046933
rotating,trained,4,3,5.0,0.9059685964104199,0.023548035325310218,damped,0.9081162722143948,0.0238732414637843,-0.002147675803974902,-0.0003252061384740809
rotating,trained,4,4,5.656854249492381,0.8826774984091308,0.023582182075899964,damped,0.8839364968975113,0.023873241463784306,-0.0012589984883805139,-0.00029105938788434246
rotating,trained,5,0,5.0,0.8966488627418034,0.024131461698317334,damped,0.9081162722143948,0.0238732414637843,-0.011467409472591394,0.00025822023453303533
rotating,trained,5,1,5.0990195135927845,0.9046698530413412,0.023422721736475218,damped,0.9046219388421827,0.023873241463784306,4.7914199158505255e-05,-0.0004505197273090879
rotating,trained,5,2,5.385164807134504,0.8932673184543508,0.023268378725555105,damped,0.8942194068777493,0.023873241463784306,-0.000952088423398445,-0.0006048627382292011
rotating,trained,5,3,5.830951894845301,0.8770392984025801,0.023799121590253058,damped,0.8771470002880658,0.0238732414637843,-0.00010770188548570037,-7.411987353124136e-05
rotating,trained,6,0,6.0,0.8392898939559459,0.02368543257700369,damped,0.8704096536513517,0.0238732414637843,-0.031119759695405813,-0.0001878088867806084
rotating,untrained,-6,0,6.0,0.0015882770855641106,6.567342323333565e-05,damped,0.8704096536513517,0.0238732414637843,-0.8688213765657876,-0.023807568040550963
rotating,untrained,-5,0,5.0,0.0015883701715286313,4.595962907258606e-05,damped,0.9081162722143948,0.0238732414637843,-0.9065279020428662,-0.02382728183471171
rotating,untrained,-5,1,5.0990195135927845,0.0015891444661758649,1.6673688024909413e-05,damped,0.9046219388421827,0.023873241463784306,-0.9030327943760068,-0.023856567775759396
rotating,untrained,-5,2,5.385164807134504,0.0015893721307166078,1.705754059638423e-05,damped,0.8942194068777493,0.023873241463784306,-0.8926300347470326,-0.02385618392318792
rotating,untrained,-5,3,5.830951894845301,0.001588200355585089,2.729820667016302e-05,damped,0.8771470002880658,0.0238732414637843,-0.8755587999324808,-0.023845943257114137
rotating,untrained,-4,0,4.0,0.0015890231035002992,4.239646268841685e-05,damped,0.9401789706739411,0.0238732414637843,-0.9385899475704408,-0.023830845001095884
rotating,untrained,-4,1,4.123105625617661,0.0015890416344752068,4.604488995423586e-05,damped,0.9365612634996526,0.023873241463784296,-0.9349722218651775,-0.023827196573830058
rotating,untrained,-4,2,4.47213595499958,0.0015891979329787753,8.795240097808045e-07,damped,0.9257914512036179,0.023873241463784306,-0.9242022532706392,-0.023872361939774524
rotating,untrained,-4,3,5.0,0.0015895850140467138,2.1613661323744937e-05,damped,0.9081162722143948,0.0238732414637843,-0.9065266872003481,-0.023851627802460553
rotating,untrained,-4,4,5.656854249492381,0.001588596243561405,3.0887682955237066e-05,damped,0.8839364968975113,0.023873241463784306,-0.8823479006539499,-0.023842353780829068
rotating,untrained,-3,0,3.0,0.001589616860358405,3.057026017218506e-05,damped,0.9658972392920434,0.023873241463784306,-0.964307622431685,-0.02384267120361212
rotating,untrained,-3,1,3.1622776601683795,0.0015886071864178875,1.5189809699125585e-05,damped,0.9621805709967428,0.023873241463784306,-0.960591963810325,-0.02385805165408518
rotating,untrained,-3,2,3.605551275463989,0.001588692971402369,4.781336491687266e-05,damped,0.9511161542325851,0.0238732414637843,-0.9495274612611827,-0.023825428098867427
rotating,untrained,-3,3,4.242640687119285,0.0015890335034717375,2.511736266036749e-05,damped,0.9329574768719912,0.0238732414637843,-0.9313684433685194,-0.02384812410112393
rotating,untrained,-3,4,5.0,0.0015887117954429516,6.459155767500075e-05,damped,0.9081162722143948,0.0238732414637843,-0.9065275604189519,-0.0238086499061093
rotating,untrained,-3,5,5.830951894845301,0.0015889466570952844,5.26030503946724e-05,damped,0.8771470002880658,0.0238732414637843,-0.8755580536309705,-0.023820638413389626
rotating,untrained,-2,0,2.0,0.0015892586805989035,5.3050535830613165e-05,damped,0.9846970418195912,0.023873241463784306,-0.9831077831389923,-0.023820190927953695
rotating,untrained,-2,1,2.23606797749979,0.0015883346967483741,3.452077659756437e-05,damped,0.9809080339138542,0.0238732414637843,-0.9793196992171058,-0.023838720687186735
rotating,untrained,-2,2,2.8284271247461903,0.0015889129811960422,4.0276085134695414e-05,damped,0.9696282641682539,0.0238732414637843,-0.9680393511870579,-0.023832965378649602
rotating,untrained,-2,3,3.605551275463989,0.0015889936423514304,3.687729005168074e-05,damped,0.9511161542325851,0.0238732414637843,-0.9495271605902337,-0.023836364173732617
rotating,untrained,-2,4,4.47213595499958,0.001588518844402362,4.59129872662992e-05,damped,0.9257914512036179,0.023873241463784306,-0.9242029323592156,-0.023827328476518007
rotating,untrained,-2,5,5.385164807134504,0.0015886047329626979,2.4279732052644587e-05,damped,0.8942194068777493,0.023873241463784306,-0.8926308021447865,-0.02384896173173166
rotating,untrained,-1,0,1.0,0.0015889290855525028,3.0471533943188857e-05,damped,0.9961521079633432,0.0238732414637843,-0.9945631788777907,-0.02384276992984111
rotating,untrained,-1,1,1.4142135623730951,0.0015891317175805674,1.209829204238751e-06,damped,0.9923190221998122,0.0238732414637843,-0.9907298904822316,-0.02387203163458006
rotating,untrained,-1,2,2.23606797749979,0.0015890843396503087,4.541328554897355e-05,damped,0.9809080339138542,0.0238732414637843,-0.9793189495742038,-0.023827828178235325
rotating,untrained,-1,3,3.1622776601683795,0.0015886904242089636,3.528560995307985e-05,damped,0.9621805709967428,0.023873241463784306,-0.9605918805725339,-0.023837955853831225
rotating,untrained,-1,4,4.123105625617661,0.0015894766692488677,1.6063246646447703e-05,damped,0.9365612634996526,0.023873241463784296,-0.9349717868304037,-0.02385717821713785
rotating,untrained,-1,5,5.0990195135927845,0.0015890341731418572,2.105409428590406e-05,damped,0.9046219388421827,0.023873241463784306,-0.9030329046690408,-0.0238521873694984
rotating,untrained,0,0,0.0,0.0015886922321989292,3.760635588746475e-21,damped,0.9999999999999999,0.0238732414637843,-0.998411307767801,-0.0238732414637843
rotating,untrained,0,1,1.0,0.0015893811034238333,7.443090143113326e-06,damped,0.9961521079633432,0.0238732414637843,-0.9945627268599193,-0.023865798373641185
rotating,untrained,0,2,2.0,0.0015892553829207586,3.725248836255314e-05,damped,0.9846970418195912,0.023873241463784306,-0.9831077864366704,-0.023835988975421753
rotating,untrained,0,3,3.0,0.0015893011217208862,2.1678969623901662e-05,damped,0.9658972392920434,0.023873241463784306,-0.9643079381703226,-0.023851562494160403
rotating,untrained,0,4,4.0,0.0015893637888159456,5.209482064248992e-06,damped,0.9401789706739411,0.0238732414637843,-0.9385896068851252,-0.02386803198172005
rotating,untrained,0,5,5.0,0.0015896709967807624,2.547326494655047e-05,damped,0.9081162722143948,0.0238732414637843,-0.9065266012176141,-0.02384776819883775
rotating,untrained,0,6,6.0,0.0015894672742290717,1.1352393658410656e-05,damped,0.8704096536513517,0.0238732414637843,-0.8688201863771227,-0.02386188907012589
rotating,untrained,1,0,1.0,0.001588840994398282,1.6582277043935436e-05,damped,0.9961521079633432,0.0238732414637843,-0.9945632669689449,-0.023856659186740365
rotating,untrained,1,1,1.4142135623730951,0.001589368908608694,1.253951864703667e-05,damped,0.9923190221998122,0.0238732414637843,-0.9907296532912034,-0.02386070194513726
rotating,untrained,1,2,2.23606797749979,0.0015887612303217295,3.023421535899998e-05,damped,0.9809080339138542,0.0238732414637843,-0.9793192726835325,-0.0238430072484253
rotating,untrained,1,3,3.1622776601683795,0.0015891063210365663,1.2833451939899833e-05,damped,0.9621805709967428,0.023873241463784306,-0.9605914646757062,-0.023860408011844407
rotating,untrained,1,4,4.123105625617661,0.0015892563245351798,3.433602502163702e-05,damped,0.9365612634996526,0.023873241463784296,-0.9349720071751174,-0.02383890543876266
rotating,untrained,1,5,5.0990195135927845,0.0015891526739791777,8.522908072828515e-05,damped,0.9046219388421827,0.023873241463784306,-0.9030327861682035,-0.02378801238305602
rotating,untrained,2,0,2.0,0.0015900724303667783,8.812825974987429e-05,damped,0.9846970418195912,0.023873241463784306,-0.9831069693892244,-0.023785113204034432
rotating,untrained,2,1,2.23606797749979,0.0015887481997882164,1.5066071934143017e-05,damped,0.9809080339138542,0.0238732414637843,-0.9793192857140659,-0.023858175391850155
rotating,untrained,2,2,2.8284271247461903,0.0015888436226769928,5.325049633525846e-05,damped,0.9696282641682539,0.0238732414637843,-0.9680394205455769,-0.02381999096744904
rotating,untrained,2,3,3.605551275463989,0.0015888918535673286,4.250256974463046e-05,damped,0.9511161542325851,0.0238732414637843,-0.9495272623790177,-0.02383073889403967
rotating,untrained,2,4,4.47213595499958,0.001588779001145371,3.107988810374882e-05,damped,0.9257914512036179,0.023873241463784306,-0.9242026722024725,-0.023842161575680556
rotating,untrained,2,5,5.385164807134504,0.001588550034350418,2.2360949411170703e-05,damped,0.8942194068777493,0.023873241463784306,-0.8926308568433988,-0.023850880514373136
rotating,untrained,3,0,3.0,0.001588774579862227,4.808798894506538e-06,damped,0.9658972392920434,0.023873241463784306,-0.9643084647121812,-0.023868432664889798
rotating,untrained,3,1,3.1622776601683795,0.0015900845001561585,3.0510156623683267e-06,damped,0.9621805709967428,0.023873241463784306,-0.9605904864965866,-0.02387019044812194
rotating,untrained,3,2,3.605551275463989,0.0015893053691790444,4.6127185400578603e-07,damped,0.9511161542325851,0.0238732414637843,-0.9495268488634061,-0.023872780191930294
rotating,untrained,3,3,4.242640687119285,0.0015898327909833142,2.732058375983857e-05,damped,0.9329574768719912,0.0238732414637843,-0.9313676440810078,-0.02384592088002446
rotating,untrained,3,4,5.0,0.0015883341802353618,3.4524537196299403e-05,damped,0.9081162722143948,0.0238732414637843,-0.9065279380341594,-0.023838716926588
rotating,untrained,3,5,5.830951894845301,0.0015894220210689368,7.183755997176099e-05,damped,0.8771470002880658,0.0238732414637843,-0.8755575782669969,-0.023801403903812537
rotating,untrained,4,0,4.0,0.0015882212883142688,4.108804070354937e-05,damped,0.9401789706739411,0.0238732414637843,-0.9385907493856268,-0.02383215342308075
rotating,untrained,4,1,4.123105625617661,0.0015890773624294106,6.19419236677382e-05,damped,0.9365612634996526,0.023873241463784296,-0.9349721861372232,-0.023811299540116557
rotating,untrained,4,2,4.47213595499958,0.0015885433466570572,7.884956186766795e-06,damped,0.9257914512036179,0.023873241463784306,-0.9242029078569609,-0.023865356507597538
rotating,untrained,4,3,5.0,0.0015894837053544173,2.7136401988421865e-05,damped,0.9081162722143948,0.0238732414637843,-0.9065267885090404,-0.023846105061795877
rotating,untrained,4,4,5.656854249492381,0.001588808189179064,1.7509344756633656e-05,damped,0.8839364968975113,0.023873241463784306,-0.8823476887083322,-0.02385573211902767
rotating,untrained,5,0,5.0,0.0015895088276492123,1.0128200011234199e-05,damped,0.9081162722143948,0.0238732414637843,-0.9065267633867456,-0.023863113263773064
rotating,untrained,5,1,5.0990195135927845,0.0015884071181421142,2.432775889282204e-05,damped,0.9046219388421827,0.023873241463784306,-0.9030335317240406,-0.023848913704891485
rotating,untrained,5,2,5.385164807134504,0.0015894789349914843,4.39855060544529e-05,damped,0.8942194068777493,0.023873241463784306,-0.8926299279427578,-0.023829255957729854
rotating,untrained,5,3,5.830951894845301,0.0015892703288970095,5.074857327775351e-05,damped,0.8771470002880658,0.0238732414637843,-0.8755577299591688,-0.023822492890506544
rotating,untrained,6,0,6.0,0.0015882410817618356,5.341428178193307e-05,damped,0.8704096536513517,0.0238732414637843,-0.8688214125695899,-0.023819827182002366
rotating,shuffled,-6,0,6.0,0.00743619449947935,0.49998666965925614,damped,0.8704096536513517,0.0238732414637843,-0.8629734591518724,0.47611342819547187
rotating,shuffled,-5,0,5.0,0.007406235286089917,0.49958256618209324,damped,0.9081162722143948,0.0238732414637843,-0.9007100369283049,0.47570932471830896
rotating,shuffled,-5,1,5.0990195135927845,0.007438496620195556,0.49998377891081786,damped,0.9046219388421827,0.023873241463784306,-0.8971834422219871,0.4761105374470336
rotating,shuffled,-5,2,5.385164807134504,0.007439865353702192,0.4999762705098502,damped,0.8942194068777493,0.023873241463784306,-0.886779541524047,0.47610302904606594
rotating,shuffled,-5,3,5.830951894845301,0.007438641138900765,0.49995853847834726,damped,0.8771470002880658,0.0238732414637843,-0.869708359149165,0.476085297014563
rotating,shuffled,-4,0,4.0,0.007389261803680855,0.49952228502298923,damped,0.9401789706739411,0.0238732414637843,-0.9327897088702602,0.47564904355920495
rotating,shuffled,-4,1,4.123105625617661,0.0074784888572301846,0.4991064666519779,damped,0.9365612634996526,0.023873241463784296,-0.9290827746424224,0.4752332251881936
rotating,shuffled,-4,2,4.47213595499958,0.007604147816507293,0.4987760754685094,damped,0.9257914512036179,0.023873241463784306,-0.9181873033871106,0.4749028340047251
rotating,shuffled,-4,3,5.0,0.007385202593778229,0.49725237688848395,damped,0.9081162722143948,0.0238732414637843,-0.9007310696206166,0.47337913542469967
rotating,shuffled,-4,4,5.656854249492381,0.00752590967298194,0.4991090719731326,damped,0.8839364968975113,0.023873241463784306,-0.8764105872245294,0.47523583050934826
rotating,shuffled,-3,0,3.0,0.00749468749063924,0.499657745668795,damped,0.9658972392920434,0.023873241463784306,-0.9584025518014042,0.4757845042050107
rotating,shuffled,-3,1,3.1622776601683795,0.00747749007689435,0.49976040535289956,damped,0.9621805709967428,0.023873241463784306,-0.9547030809198485,0.47588716388911523
rotating,shuffled,-3,2,3.605551275463989,0.007595650748553374,0.49947808063628474,damped,0.9511161542325851,0.0238732414637843,-0.9435205034840317,0.47560483917250046
rotating,shuffled,-3,3,4.242640687119285,0.007378319034479517,0.49851986566871137,damped,0.9329574768719912,0.0238732414637843,-0.9255791578375117,0.4746466242049271
rotating,shuffled,-3,4,5.0,0.007489931359226563,0.4994844571269992,damped,0.9081162722143948,0.0238732414637843,-0.9006263408551682,0.4756112156632149
rotating,shuffled,-3,5,5.830951894845301,0.007393702519618814,0.49891816605751854,damped,0.8771470002880658,0.0238732414637843,-0.869753297768447,0.47504492459373426
rotating,shuffled,-2,0,2.0,0.007379338842587774,0.4997741474547075,damped,0.9846970418195912,0.023873241463784306,-0.9773177029770034,0.47590090599092316
rotating,shuffled,-2,1,2.23606797749979,0.007467664588338691,0.4997449127056861,damped,0.9809080339138542,0.0238732414637843,-0.9734403693255155,0.47587167124190183
rotating,shuffled,-2,2,2.8284271247461903,0.007527304742082595,0.49820449722390175,damped,0.9696282641682539,0.0238732414637843,-0.9621009594261712,0.4743312557601175
rotating,shuffled,-2,3,3.605551275463989,0.007416101704927966,0.49914341029008813,damped,0.9511161542325851,0.0238732414637843,-0.9437000525276571,0.47527016882630385
rotating,shuffled,-2,4,4.47213595499958,0.007502258646530775,0.4998498936482384,damped,0.9257914512036179,0.023873241463784306,-0.9182891925570872,0.47597665218445406
rotating,shuffled,-2,5,5.385164807134504,0.007472804371913893,0.49885112968367074,damped,0.8942194068777493,0.023873241463784306,-0.8867466025058354,0.4749778882198864
rotating,shuffled,-1,0,1.0,0.007412093648471555,0.49996017804427123,damped,0.9961521079633432,0.0238732414637843,-0.9887400143148717,0.47608693658048695
rotating,shuffled,-1,1,1.4142135623730951,0.007437493040397669,0.49902764837147995,damped,0.9923190221998122,0.0238732414637843,-0.9848815291594145,0.47515440690769567
rotating,shuffled,-1,2,2.23606797749979,0.007441693971682427,0.49835353556847406,damped,0.9809080339138542,0.0238732414637843,-0.9734663399421718,0.4744802941046898
rotating,shuffled,-1,3,3.1622776601683795,0.007352918962538338,0.4995047847593352,damped,0.9621805709967428,0.023873241463784306,-0.9548276520342045,0.4756315432955509
rotating,shuffled,-1,4,4.123105625617661,0.007408743160400134,0.4962432913876159,damped,0.9365612634996526,0.023873241463784296,-0.9291525203392524,0.47237004992383164
rotating,shuffled,-1,5,5.0990195135927845,0.007375043550080011,0.4984207500681678,damped,0.9046219388421827,0.023873241463784306,-0.8972468952921027,0.47454750860438344
rotating,shuffled,0,0,0.0,0.0073801987117699756,0.5,damped,0.9999999999999999,0.0238732414637843,-0.9926198012882299,0.4761267585362157
rotating,shuffled,0,1,1.0,0.007391567735631117,0.49806501098345474,damped,0.9961521079633432,0.0238732414637843,-0.9887605402277121,0.47419176951967046
rotating,shuffled,0,2,2.0,0.007696193698579744,0.499333715816289,damped,0.9846970418195912,0.023873241463784306,-0.9770008481210114,0.4754604743525047
rotating,shuffled,0,3,3.0,0.007322765602288271,0.4970471532896971,damped,0.9658972392920434,0.023873241463784306,-0.9585744736897551,0.47317391182591284
rotating,shuffled,0,4,4.0,0.007547698567434965,0.49779718858122124,damped,0.9401789706739411,0.0238732414637843,-0.9326312721065061,0.47392394711743696
rotating,shuffled,0,5,5.0,0.007499372024092243,0.49700553815950743,damped,0.9081162722143948,0.0238732414637843,-0.9006169001903026,0.47313229669572315
rotating,shuffled,0,6,6.0,0.007526773455815533,0.4999088938577579,damped,0.8704096536513517,0.0238732414637843,-0.8628828801955362,0.4760356523939736
rotating,shuffled,1,0,1.0,0.00741223344339447,0.4999365677788816,damped,0.9961521079633432,0.0238732414637843,-0.9887398745199487,0.47606332631509735
rotating,shuffled,1,1,1.4142135623730951,0.007535747425045144,0.49884812697082415,damped,0.9923190221998122,0.0238732414637843,-0.984783274774767,0.47497488550703987
rotating,shuffled,1,2,2.23606797749979,0.007712237766454208,0.49709657533837365,damped,0.9809080339138542,0.0238732414637843,-0.9731957961473999,0.47322333387458937
rotating,shuffled,1,3,3.1622776601683795,0.0073920555890523935,0.49653880174338116,damped,0.9621805709967428,0.023873241463784306,-0.9547885154076904,0.47266556027959683
rotating,shuffled,1,4,4.123105625617661,0.007492426691532987,0.4996826137664685,damped,0.9365612634996526,0.023873241463784296,-0.9290688368081197,0.4758093723026842
rotating,shuffled,1,5,5.0990195135927845,0.0074558299232943106,0.49650394531459,damped,0.9046219388421827,0.023873241463784306,-0.8971661089188884,0.47263070385080574
rotating,shuffled,2,0,2.0,0.007379471714456204,0.49973966772939515,damped,0.9846970418195912,0.023873241463784306,-0.977317570105135,0.4758664262656108
rotating,shuffled,2,1,2.23606797749979,0.00735377504415984,0.49687486619259136,damped,0.9809080339138542,0.0238732414637843,-0.9735542588696944,0.4730016247288071
rotating,shuffled,2,2,2.8284271247461903,0.007707568434190123,0.49848132847193133,damped,0.9696282641682539,0.0238732414637843,-0.9619206957340638,0.47460808700814705
rotating,shuffled,2,3,3.605551275463989,0.007399058218348958,0.4976969401615899,damped,0.9511161542325851,0.0238732414637843,-0.9437170960142361,0.4738236986978056
rotating,shuffled,2,4,4.47213595499958,0.007397710169518743,0.49687121426672315,damped,0.9257914512036179,0.023873241463784306,-0.9183937410340992,0.47299797280293887
rotating,shuffled,2,5,5.385164807134504,0.007506580900003772,0.4996567722529789,damped,0.8942194068777493,0.023873241463784306,-0.8867128259777455,0.47578353078919455
rotating,shuffled,3,0,3.0,0.007495063013909778,0.4996695949088384,damped,0.9658972392920434,0.023873241463784306,-0.9584021762781336,0.4757963534450541
rotating,shuffled,3,1,3.1622776601683795,0.007435544717036521,0.49718824546604157,damped,0.9621805709967428,0.023873241463784306,-0.9547450262797063,0.47331500400225723
rotating,shuffled,3,2,3.605551275463989,0.007523151027547025,0.4960839383664003,damped,0.9511161542325851,0.0238732414637843,-0.9435930032050381,0.472210696902616
rotating,shuffled,3,3,4.242640687119285,0.007386203368654793,0.4994448874657005,damped,0.9329574768719912,0.0238732414637843,-0.9255712735033363,0.4755716460019162
rotating,shuffled,3,4,5.0,0.007492796274050296,0.49705403061390885,damped,0.9081162722143948,0.0238732414637843,-0.9006234759403445,0.47318078915012457
rotating,shuffled,3,5,5.830951894845301,0.007395535116758835,0.4966154208069102,damped,0.8771470002880658,0.0238732414637843,-0.869751465171307,0.4727421793431259
rotating,shuffled,4,0,4.0,0.00738957300373891,0.4995511511860544,damped,0.9401789706739411,0.0238732414637843,-0.9327893976702022,0.47567790972227014
rotating,shuffled,4,1,4.123105625617661,0.007479881042578729,0.4983647291021941,damped,0.9365612634996526,0.023873241463784296,-0.929081382457074,0.4744914876384098
rotating,shuffled,4,2,4.47213595499958,0.007586630165313279,0.49685289480564987,damped,0.9257914512036179,0.023873241463784306,-0.9182048210383047,0.47297965334186554
rotating,shuffled,4,3,5.0,0.007454671893131344,0.4972760529014868,damped,0.9081162722143948,0.0238732414637843,-0.9006616003212635,0.4734028114377025
rotating,shuffled,4,4,5.656854249492381,0.007559105489005782,0.4995705603258504,damped,0.8839364968975113,0.023873241463784306,-0.8763773914085056,0.4756973188620661
rotating,shuffled,5,0,5.0,0.007406902998239636,0.499560624892857,damped,0.9081162722143948,0.0238732414637843,-0.9007093692161552,0.47568738342907274
rotating,shuffled,5,1,5.0990195135927845,0.007376143432839473,0.498068899699372,damped,0.9046219388421827,0.023873241463784306,-0.8972457954093432,0.47419565823558774
rotating,shuffled,5,2,5.385164807134504,0.007513442077932301,0.49960043107126406,damped,0.8942194068777493,0.023873241463784306,-0.886705964799817,0.47572718960747973
rotating,shuffled,5,3,5.830951894845301,0.007391482755657723,0.4983441824645936,damped,0.8771470002880658,0.0238732414637843,-0.8697555175324081,0.47447094100080933
rotating,shuffled,6,0,6.0,0.007437076789715049,0.49997397924565734,damped,0.8704096536513517,0.0238732414637843,-0.8629725768616366,0.47610073778187306
rotating,resampled,-6,0,6.0,0.00955171746862721,1.3110574510448236e-05,damped,0.8704096536513517,0.0238732414637843,-0.8608579361827244,-0.02386013088927385
rotating,resampled,-5,0,5.0,0.009509580955367315,0.002044993421701548,damped,0.9081162722143948,0.0238732414637843,-0.8986066912590275,-0.021828248042082752
rotating,resampled,-5,1,5.0990195135927845,0.009550683281823095,3.163583912345695e-05,damped,0.9046219388421827,0.023873241463784306,-0.8950712555603596,-0.02384160562466085
rotating,resampled,-5,2,5.385164807134504,0.00955022519766652,1.3789002884285378e-05,damped,0.8942194068777493,0.023873241463784306,-0.8846691816800827,-0.02385945246090002
rotating,resampled,-5,3,5.830951894845301,0.009552276089051277,1.1081266520279065e-05,damped,0.8771470002880658,0.0238732414637843,-0.8675947241990145,-0.02386216019726402
rotating,resampled,-4,0,4.0,0.009657792585084547,0.00045278568506317,damped,0.9401789706739411,0.0238732414637843,-0.9305211780888565,-0.02342045577872113
rotating,resampled,-4,1,4.123105625617661,0.009424425662968866,0.004370536877219988,damped,0.9365612634996526,0.023873241463784296,-0.9271368378366838,-0.019502704586564307
rotating,resampled,-4,2,4.47213595499958,0.009410951163430015,0.0004983228364417591,damped,0.9257914512036179,0.023873241463784306,-0.9163805000401879,-0.023374918627342547
rotating,resampled,-4,3,5.0,0.009449372411255917,0.0001365508714367031,damped,0.9081162722143948,0.0238732414637843,-0.898666899803139,-0.023736690592347596
rotating,resampled,-4,4,5.656854249492381,0.009411269763121162,0.0017660228673588546,damped,0.8839364968975113,0.023873241463784306,-0.8745252271343902,-0.022107218596425452
rotating,resampled,-3,0,3.0,0.009575108851573073,0.0010882653884579793,damped,0.9658972392920434,0.023873241463784306,-0.9563221304404703,-0.022784976075326327
rotating,resampled,-3,1,3.1622776601683795,0.009466193658198833,0.004714929741093019,damped,0.9621805709967428,0.023873241463784306,-0.952714377338544,-0.019158311722691286
rotating,resampled,-3,2,3.605551275463989,0.00941502145368247,0.0021886914283193847,damped,0.9511161542325851,0.0238732414637843,-0.9417011327789027,-0.021684550035464913
rotating,resampled,-3,3,4.242640687119285,0.009508579897156045,0.00128798840422618,damped,0.9329574768719912,0.0238732414637843,-0.9234488969748351,-0.02258525305955812
rotating,resampled,-3,4,5.0,0.00956001751350911,0.00044393960260733525,damped,0.9081162722143948,0.0238732414637843,-0.8985562547008857,-0.023429301861176963
rotating,resampled,-3,5,5.830951894845301,0.009316644966511467,0.00020123674228232662,damped,0.8771470002880658,0.0238732414637843,-0.8678303553215543,-0.023672004721501973
rotating,resampled,-2,0,2.0,0.009489341204971009,0.00012712958303654121,damped,0.9846970418195912,0.023873241463784306,-0.9752077006146201,-0.023746111880747763
rotating,resampled,-2,1,2.23606797749979,0.009362627305979943,0.00279923378563494,damped,0.9809080339138542,0.0238732414637843,-0.9715454066078743,-0.02107400767814936
rotating,resampled,-2,2,2.8284271247461903,0.009593272212321726,0.0013805355861424627,damped,0.9696282641682539,0.0238732414637843,-0.9600349919559321,-0.022492705877641836
rotating,resampled,-2,3,3.605551275463989,0.009389723097698569,0.0018400525896481194,damped,0.9511161542325851,0.0238732414637843,-0.9417264311348865,-0.02203318887413618
rotating,resampled,-2,4,4.47213595499958,0.009524523152343744,0.00011564418655991626,damped,0.9257914512036179,0.023873241463784306,-0.9162669280512742,-0.02375759727722439
rotating,resampled,-2,5,5.385164807134504,0.009352756020430944,5.728299173457893e-05,damped,0.8942194068777493,0.023873241463784306,-0.8848666508573183,-0.023815958472049727
rotating,resampled,-1,0,1.0,0.009572501823605683,0.0008662308020223541,damped,0.9961521079633432,0.0238732414637843,-0.9865796061397375,-0.023007010661761945
rotating,resampled,-1,1,1.4142135623730951,0.009562993663168795,0.0027197234746151114,damped,0.9923190221998122,0.0238732414637843,-0.9827560285366433,-0.021153517989169188
rotating,resampled,-1,2,2.23606797749979,0.009407034989000225,0.00033758269973974586,damped,0.9809080339138542,0.0238732414637843,-0.971500998924854,-0.023535658764044554
rotating,resampled,-1,3,3.1622776601683795,0.009488280871312062,0.0003303220749582572,damped,0.9621805709967428,0.023873241463784306,-0.9526922901254308,-0.02354291938882605
rotating,resampled,-1,4,4.123105625617661,0.00935593004193406,0.0008472651307248575,damped,0.9365612634996526,0.023873241463784296,-0.9272053334577186,-0.023025976333059438
rotating,resampled,-1,5,5.0990195135927845,0.009499003256820147,0.0018766914581465892,damped,0.9046219388421827,0.023873241463784306,-0.8951229355853625,-0.021996550005637716
rotating,resampled,0,0,0.0,0.009402103825674944,0.0,damped,0.9999999999999999,0.0238732414637843,-0.9905978961743249,-0.0238732414637843
rotating,resampled,0,1,1.0,0.009272916760636898,0.0009635329738139684,damped,0.9961521079633432,0.0238732414637843,-0.9868791912027063,-0.02290970848997033
rotating,resampled,0,2,2.0,0.009603271593668234,0.0006552105314075158,damped,0.9846970418195912,0.023873241463784306,-0.9750937702259229,-0.02321803093237679
rotating,resampled,0,3,3.0,0.009486270479793084,0.0021108915736845523,damped,0.9658972392920434,0.023873241463784306,-0.9564109688122503,-0.021762349890099755
rotating,resampled,0,4,4.0,0.009513452487839986,0.0006711596552165733,damped,0.9401789706739411,0.0238732414637843,-0.9306655181861011,-0.023202081808567726
rotating,resampled,0,5,5.0,0.009475265677811037,0.0015790444518279819,damped,0.9081162722143948,0.0238732414637843,-0.8986410065365839,-0.022294197011956316
rotating,resampled,0,6,6.0,0.00951109869413387,0.0007929347337177757,damped,0.8704096536513517,0.0238732414637843,-0.8608985549572178,-0.023080306730066523
rotating,resampled,1,0,1.0,0.009572866372596175,0.0008606083342163706,damped,0.9961521079633432,0.0238732414637843,-0.9865792415907471,-0.023012633129567927
rotating,resampled,1,1,1.4142135623730951,0.009309174333587824,0.004953054939507252,damped,0.9923190221998122,0.0238732414637843,-0.9830098478662244,-0.018920186524277047
rotating,resampled,1,2,2.23606797749979,0.0094651460606171,8.028429070943342e-05,damped,0.9809080339138542,0.0238732414637843,-0.9714428878532371,-0.023792957173074867
rotating,resampled,1,3,3.1622776601683795,0.009348227584075447,0.003018735726165435,damped,0.9621805709967428,0.023873241463784306,-0.9528323434126673,-0.02085450573761887
rotating,resampled,1,4,4.123105625617661,0.009586811470663922,0.0006359063202769844,damped,0.9365612634996526,0.023873241463784296,-0.9269744520289888,-0.02323733514350731
rotating,resampled,1,5,5.0990195135927845,0.00929131296417405,0.0007488938359590584,damped,0.9046219388421827,0.023873241463784306,-0.8953306258780086,-0.023124347627825247
rotating,resampled,2,0,2.0,0.009488469829680542,0.00013710878219142197,damped,0.9846970418195912,0.023873241463784306,-0.9752085719899106,-0.023736132681592883
rotating,resampled,2,1,2.23606797749979,0.009576075788940092,0.0018167917016202258,damped,0.9809080339138542,0.0238732414637843,-0.9713319581249141,-0.022056449762164074
rotating,resampled,2,2,2.8284271247461903,0.009450904787519653,0.0016497893183988848,damped,0.9696282641682539,0.0238732414637843,-0.9601773593807342,-0.022223452145385413
rotating,resampled,2,3,3.605551275463989,0.009474163531838522,0.00010835226744626463,damped,0.9511161542325851,0.0238732414637843,-0.9416419907007466,-0.023764889196338033
rotating,resampled,2,4,4.47213595499958,0.009497782422976291,0.0010192378447542309,damped,0.9257914512036179,0.023873241463784306,-0.9162936687806417,-0.022854003619030075
rotating,resampled,2,5,5.385164807134504,0.009258063708200606,0.0015923537352918438,damped,0.8942194068777493,0.023873241463784306,-0.8849613431695487,-0.022280887728492463
rotating,resampled,3,0,3.0,0.009575608004953664,0.0011077803155679076,damped,0.9658972392920434,0.023873241463784306,-0.9563216312870897,-0.022765461148216398
rotating,resampled,3,1,3.1622776601683795,0.009549723696602555,0.0030717781948184585,damped,0.9621805709967428,0.023873241463784306,-0.9526308473001402,-0.02080146326896585
rotating,resampled,3,2,3.605551275463989,0.009463870206283958,0.00044778073265487936,damped,0.9511161542325851,0.0238732414637843,-0.9416522840263012,-0.02342546073112942
rotating,resampled,3,3,4.242640687119285,0.009516719621708948,8.520601165974714e-05,damped,0.9329574768719912,0.0238732414637843,-0.9234407572502822,-0.023788035452124552
rotating,resampled,3,4,5.0,0.009499607644187781,0.00014789671381588962,damped,0.9081162722143948,0.0238732414637843,-0.8986166645702071,-0.02372534474996841
rotating,resampled,3,5,5.830951894845301,0.009401453564532772,0.000862791705643207,damped,0.8771470002880658,0.0238732414637843,-0.867745546723533,-0.023010449758141094
rotating,resampled,4,0,4.0,0.009659753068195881,0.0004880683849259149,damped,0.9401789706739411,0.0238732414637843,-0.9305192176057452,-0.023385173078858384
rotating,resampled,4,1,4.123105625617661,0.009564570953731128,0.0020136802031332497,damped,0.9365612634996526,0.023873241463784296,-0.9269966925459215,-0.021859561260651045
rotating,resampled,4,2,4.47213595499958,0.009513928404109267,0.000994524091084709,damped,0.9257914512036179,0.023873241463784306,-0.9162775227995087,-0.022878717372699597
rotating,resampled,4,3,5.0,0.009661655922456304,0.00027688595297279084,damped,0.9081162722143948,0.0238732414637843,-0.8984546162919386,-0.023596355510811507
rotating,resampled,4,4,5.656854249492381,0.009490988981600721,0.0009684832715107836,damped,0.8839364968975113,0.023873241463784306,-0.8744455079159106,-0.02290475819227352
rotating,resampled,5,0,5.0,0.009507935378184883,0.0020105796291864835,damped,0.9081162722143948,0.0238732414637843,-0.89860833683621,-0.021862661834597816
rotating,resampled,5,1,5.0990195135927845,0.009633379688193182,0.005637569552243093,damped,0.9046219388421827,0.023873241463784306,-0.8949885591539894,-0.018235671911541212
rotating,resampled,5,2,5.385164807134504,0.009224411313746884,0.0028601759056801953,damped,0.8942194068777493,0.023873241463784306,-0.8849949955640024,-0.02101306555810411
rotating,resampled,5,3,5.830951894845301,0.00935160686672903,0.0020756651347844978,damped,0.8771470002880658,0.0238732414637843,-0.8677953934213368,-0.021797576328999802
rotating,resampled,6,0,6.0,0.009549854932466732,4.0911464225301305e-06,damped,0.8704096536513517,0.0238732414637843,-0.860859798718885,-0.023869150317361768
advection,trained,-6,0,6.0,0.9503805934859609,0.000707673102080554,damped,0.9862167399039081,0.0,-0.03583614641794719,0.000707673102080554
advection,trained,-5,0,5.0,0.9827447156932365,0.0006585666532301995,damped,0.9904080138578515,0.0,-0.007663298164614973,0.0006585666532301995
advection,trained,-5,1,5.0990195135927845,0.9529341559053026,0.0015738529929517442,damped,0.990026254042921,0.015625,-0.03709209813761838,-0.014051147007048256
advection,trained,-5,2,5.385164807134504,0.9509901972332357,0.0027563391371843654,damped,0.9888818572834879,0.03125,-0.03789166005025213,-0.028493660862815635
advection,trained,-5,3,5.830951894845301,0.9485083984856788,0.004850075259569595,damped,0.9869774682350012,0.046875,-0.038469069749322404,-0.0420249247404304
advection,trained,-4,0,4.0,0.9848083798911338,0.0013353090257084814,damped,0.9938504834036374,0.0,-0.009042103512503563,0.0013353090257084814
advection,trained,-4,1,4.123105625617661,0.9898344535508157,0.014566282107277922,damped,0.9934673966643301,0.015625,-0.003632943113514475,-0.0010587178927220775
advection,trained,-4,2,4.47213595499958,0.9886275350769775,0.03080554641680188,damped,0.9923190221998122,0.031249999999999997,-0.0036914871228346247,-0.0004444535831981157
advection,trained,-4,3,5.0,0.9751626537044473,0.04531611731103987,damped,0.9904080138578515,0.04687499999999999,-0.015245360153404164,-0.0015588826889601226
advection,trained,-4,4,5.656854249492381,0.9804065923524247,0.060130174843385106,damped,0.9877387833616438,0.06250000000000001,-0.007332191009219113,-0.0023698251566149076
advection,trained,-3,0,3.0,0.9971783729303433,0.0005982303973943156,primary,0.9965362299427611,0.0,0.0006421429875821394,0.0005982303973943156
advection,trained,-3,1,3.1622776601683795,0.9872597936366089,0.015537255021998181,damped,0.9961521079633432,0.015625,-0.008892314326734319,-8.774497800181913e-05
advection,trained,-3,2,3.605551275463989,0.9805317242495074,0.030430344601246207,damped,0.9950006301721226,0.03125,-0.014468905922615183,-0.0008196553987537929
advection,trained,-3,3,4.242640687119285,0.9816157984452225,0.045073243862703324,damped,0.9930844575885316,0.04687499999999999,-0.011468659143309079,-0.0018017561372966687
advection,trained,-3,4,5.0,0.992279609746164,0.05996573221567705,damped,0.9904080138578515,0.06250000000000001,0.0018715958883125383,-0.0025342677843229605
advection,trained,-3,5,5.830951894845301,0.9825597217721109,0.07548965911604243,damped,0.9869774682350012,0.078125,-0.004417746462890282,-0.0026353408839575737
advection,trained,-2,0,2.0,0.9923939484131106,0.0004033355785706577,damped,0.9984590627771489,0.0,-0.006065114364038338,0.0004033355785706577
advection,trained,-2,1,2.23606797749979,0.9905870414285174,0.016659826064374803,damped,0.9980741996281355,0.015625,-0.007487158199618094,0.0010348260643748032
advection,trained,-2,2,2.8284271247461903,0.988016528404364,0.03401420201135275,damped,0.9969205000418225,0.031249999999999997,-0.008903971637458485,0.002764202011352756
advection,trained,-2,3,3.605551275463989,0.9865353780232592,0.04519766065698792,damped,0.9950006301721226,0.046875,-0.0084652521488634,-0.001677339343012077
advection,trained,-2,4,4.47213595499958,0.9824592873388707,0.05987180617662408,damped,0.992319022199812,0.06250000000000001,-0.009859734860941383,-0.002628193823375931
advection,trained,-2,5,5.385164807134504,0.9649251904755676,0.0770380149699771,damped,0.988881857283488,0.078125,-0.023956666807920413,-0.0010869850300228995
advection,trained,-1,0,1.0,0.9941552197572744,0.001072597013486237,damped,0.9996145428857715,0.0,-0.005459323128497062,0.001072597013486237
advection,trained,-1,1,1.4142135623730951,0.9925374707078454,0.015705211589458225,damped,0.9992292343487298,0.015625,-0.006691763640884418,8.021158945822546e-05
advection,trained,-1,2,2.23606797749979,0.9922680930915811,0.030381766113339637,damped,0.9980741996281355,0.031249999999999997,-0.005806106536554334,-0.0008682338866603592
advection,trained,-1,3,3.1622776601683795,0.9828498059046771,0.043180439699850276,damped,0.9961521079633432,0.04687499999999999,-0.013302302058666116,-0.003694560300149717
advection,trained,-1,4,4.123105625617661,0.9915515726700856,0.06106264829507935,damped,0.99346739666433,0.06250000000000001,-0.0019158239942443922,-0.0014373517049206669
advection,trained,-1,5,5.0990195135927845,0.9903118575501293,0.07485886917600322,damped,0.990026254042921,0.078125,0.0002856035072082985,-0.0032661308239967796
advection,trained,0,0,0.0,0.9856405259342864,0.0,damped,1.0,0.0,-0.014359474065713584,0.0
advection,trained,0,1,1.0,0.9935516516721441,0.01672373344302493,damped,0.9996145428857715,0.015625,-0.006062891213627353,0.0010987334430249303
advection,trained,0,2,2.0,0.991639726406076,0.03214001190324361,damped,0.9984590627771489,0.03125,-0.006819336371072904,0.000890011903243608
advection,trained,0,3,3.0,0.9987172461079438,0.04664165298679426,resonant,0.996536229942761,0.04687499999999999,0.0021810161651827364,-0.00023334701320572998
advection,trained,0,4,4.0,0.9924928393884949,0.061095429123620135,damped,0.9938504834036372,0.0625,-0.0013576440151423785,-0.0014045708763798653
advection,trained,0,5,5.0,0.9830833893054831,0.07627766618064045,damped,0.9904080138578515,0.078125,-0.007324624552368375,-0.001847333819359545
advection,trained,0,6,6.0,0.980276515201905,0.09181614040083008,damped,0.9862167399039081,0.09375,-0.005940224702003172,-0.0019338595991699181
advection,trained,1,0,1.0,0.9941505254185778,0.001071945415373406,damped,0.9996145428857715,0.0,-0.005464017467193605,0.001071945415373406
advection,trained,1,1,1.4142135623730951,0.9960033124701422,0.017249314000941086,resonant,0.9992292343487298,0.015625,-0.003225921878587612,0.0016243140009410857
advection,trained,1,2,2.23606797749979,0.9878285326835015,0.03284222044349269,damped,0.9980741996281355,0.031249999999999997,-0.010245666944634024,0.0015922204434926958
advection,trained,1,3,3.1622776601683795,0.9915370386246742,0.046469248547855765,damped,0.9961521079633432,0.04687499999999999,-0.004615069338668953,-0.00040575145214422764
advection,trained,1,4,4.123105625617661,0.995019746340305,0.0604153326783267,resonant,0.99346739666433,0.06250000000000001,0.001552349675974951,-0.0020846673216733114
advection,trained,1,5,5.0990195135927845,0.9760235218052642,0.07536928657412156,damped,0.990026254042921,0.078125,-0.0140027322376568,-0.0027557134258784366
advection,trained,2,0,2.0,0.9924027502222863,0.000403551318242589,damped,0.9984590627771489,0.0,-0.0060563125548626084,0.000403551318242589
advection,trained,2,1,2.23606797749979,0.9982835113159876,0.01651560090658048,resonant,0.9980741996281355,0.015625,0.00020931168785209842,0.0008906009065804792
advection,trained,2,2,2.8284271247461903,0.9919699380744658,0.03310518072677645,damped,0.9969205000418225,0.031249999999999997,-0.00495056196735677,0.001855180726776453
advection,trained,2,3,3.605551275463989,0.9788113680814614,0.04519430390009597,damped,0.9950006301721226,0.046875,-0.016189262090661183,-0.0016806960999040318
advection,trained,2,4,4.47213595499958,0.9872998570878655,0.061405728706902564,damped,0.992319022199812,0.06250000000000001,-0.005019165111946555,-0.00109427129309745
advection,trained,2,5,5.385164807134504,0.9794239664666538,0.07601361563553664,damped,0.988881857283488,0.078125,-0.009457890816834236,-0.002111384364463356
advection,trained,3,0,3.0,0.9971740487110785,0.0005972095409853685,primary,0.9965362299427611,0.0,0.0006378187683173664,0.0005972095409853685
advection,trained,3,1,3.1622776601683795,0.9958822106247325,0.016855356744484032,resonant,0.9961521079633432,0.015625,-0.00026989733861071397,0.0012303567444840319
advection,trained,3,2,3.605551275463989,0.9950528359845682,0.03288317372492051,resonant,0.9950006301721226,0.03125,5.2205812445582644e-05,0.0016331737249205072
advection,trained,3,3,4.242640687119285,0.9888687715705664,0.046767009549113975,damped,0.9930844575885316,0.04687499999999999,-0.004215686017965181,-0.00010799045088601827
advection,trained,3,4,5.0,0.9866449033995187,0.0618919930917515,damped,0.9904080138578515,0.06250000000000001,-0.0037631104583327746,-0.0006080069082485123
advection,trained,3,5,5.830951894845301,0.979350202120272,0.07679112078716735,damped,0.9869774682350012,0.078125,-0.007627266114729192,-0.0013338792128326504
advection,trained,4,0,4.0,0.9848053623172061,0.0013355272727735748,damped,0.9938504834036374,0.0,-0.009045121086431296,0.0013355272727735748
advection,trained,4,1,4.123105625617661,0.9905770377925327,0.015801743603159456,damped,0.9934673966643301,0.015625,-0.0028903588717974493,0.00017674360315945645
advection,trained,4,2,4.47213595499958,0.9894252053452304,0.03336143260088892,damped,0.9923190221998122,0.031249999999999997,-0.0028938168545817877,0.002111432600888922
advection,trained,4,3,5.0,0.9718527987073516,0.04801713083615914,damped,0.9904080138578515,0.04687499999999999,-0.01855521515049985,0.001142130836159147
advection,trained,4,4,5.656854249492381,0.9737072677092216,0.06023447253184339,damped,0.9877387833616438,0.06250000000000001,-0.014031515652422222,-0.002265527468156621
advection,trained,5,0,5.0,0.9827322545744872,0.0006574752640890631,damped,0.9904080138578515,0.0,-0.007675759283364281,0.0006574752640890631
advection,trained,5,1,5.0990195135927845,0.9808118542564791,0.017472525184145805,damped,0.990026254042921,0.015625,-0.009214399786441896,0.0018475251841458054
advection,trained,5,2,5.385164807134504,0.985123631832032,0.03250127179214654,damped,0.9888818572834879,0.03125,-0.0037582254514558766,0.001251271792146541
advection,trained,5,3,5.830951894845301,0.9731314045922353,0.048225589485125904,damped,0.9869774682350012,0.046875,-0.01384606364276586,0.001350589485125904
advection,trained,6,0,6.0,0.9503844022787853,0.0007076153624843996,damped,0.9862167399039081,0.0,-0.035832337625122834,0.0007076153624843996
advection,untrained,-6,0,6.0,0.0032524481782092076,0.4999968825144537,damped,0.9862167399039081,0.0,-0.9829642917256989,0.4999968825144537
advection,untrained,-5,0,5.0,0.003253218857374533,0.4999526738366605,damped,0.9904080138578515,0.0,-0.987154795000477,0.4999526738366605
advection,untrained,-5,1,5.0990195135927845,0.0032524267510891883,0.49994751231335144,damped,0.990026254042921,0.015625,-0.9867738272918318,0.48432251231335144
advection,untrained,-5,2,5.385164807134504,0.003253071951958269,0.4999864344601268,damped,0.9888818572834879,0.03125,-0.9856287853315296,0.4687364344601268
advection,untrained,-5,3,5.830951894845301,0.003253618989333176,0.49993100636323123,damped,0.9869774682350012,0.046875,-0.983723849245668,0.45305600636323123
advection,untrained,-4,0,4.0,0.0032503216148567797,0.49999236199552893,damped,0.9938504834036374,0.0,-0.9906001617887805,0.49999236199552893
advection,untrained,-4,1,4.123105625617661,0.0032524209679721952,0.4999930791725661,damped,0.9934673966643301,0.015625,-0.990214975696358,0.4843680791725661
advection,untrained,-4,2,4.47213595499958,0.0032534387541385034,0.4998931200035871,damped,0.9923190221998122,0.031249999999999997,-0.9890655834456736,0.4686431200035871
advection,untrained,-4,3,5.0,0.0032526654091834814,0.49994334617850644,damped,0.9904080138578515,0.04687499999999999,-0.987155348448668,0.45306834617850644
advection,untrained,-4,4,5.656854249492381,0.0032545701795306295,0.49997860091319984,damped,0.9877387833616438,0.06250000000000001,-0.9844842131821131,0.43747860091319984
advection,untrained,-3,0,3.0,0.003251985751775372,0.4998831808940431,damped,0.9965362299427611,0.0,-0.9932842441909858,0.4998831808940431
advection,untrained,-3,1,3.1622776601683795,0.003251961456002262,0.4999564167229152,damped,0.9961521079633432,0.015625,-0.9929001465073409,0.4843314167229152
advection,untrained,-3,2,3.605551275463989,0.0032535998098756932,0.4999723994730639,damped,0.9950006301721226,0.03125,-0.9917470303622469,0.4687223994730639
advection,untrained,-3,3,4.242640687119285,0.003252268337557896,0.4999922399239944,damped,0.9930844575885316,0.04687499999999999,-0.9898321892509737,0.4531172399239944
advection,untrained,-3,4,5.0,0.003252162898629239,0.4998979198895567,damped,0.9904080138578515,0.06250000000000001,-0.9871558509592222,0.4373979198895567
advection,untrained,-3,5,5.830951894845301,0.0032519416456268024,0.4998662688635089,damped,0.9869774682350012,0.078125,-0.9837255265893744,0.4217412688635089
advection,untrained,-2,0,2.0,0.0032521490738240764,0.49994585283524634,damped,0.9984590627771489,0.0,-0.9952069137033248,0.49994585283524634
advection,untrained,-2,1,2.23606797749979,0.003253605046713481,0.49994416563345256,damped,0.9980741996281355,0.015625,-0.994820594581422,0.48431916563345256
advection,untrained,-2,2,2.8284271247461903,0.0032528363108181905,0.4999190244939788,damped,0.9969205000418225,0.031249999999999997,-0.9936676637310043,0.4686690244939788
advection,untrained,-2,3,3.605551275463989,0.0032524724178869912,0.4999144618645757,damped,0.9950006301721226,0.046875,-0.9917481577542356,0.4530394618645757
advection,untrained,-2,4,4.47213595499958,0.00325125263987996,0.4999797369927657,damped,0.992319022199812,0.06250000000000001,-0.9890677695599321,0.4374797369927657
advection,untrained,-2,5,5.385164807134504,0.003251689257684548,0.49997778297282475,damped,0.988881857283488,0.078125,-0.9856301680258034,0.42185278297282475
advection,untrained,-1,0,1.0,0.0032506114732154035,0.4999416339469667,damped,0.9996145428857715,0.0,-0.9963639314125561,0.4999416339469667
advection,untrained,-1,1,1.4142135623730951,0.0032510295616859242,0.49992858809077634,damped,0.9992292343487298,0.015625,-0.9959782047870439,0.48430358809077634
advection,untrained,-1,2,2.23606797749979,0.003251848729093833,0.49994035819919447,damped,0.9980741996281355,0.031249999999999997,-0.9948223508990417,0.46869035819919447
advection,untrained,-1,3,3.1622776601683795,0.003253601800918842,0.4998784573537402,damped,0.9961521079633432,0.04687499999999999,-0.9928985061624244,0.4530034573537402
advection,untrained,-1,4,4.123105625617661,0.0032532755237393947,0.49996871894773187,damped,0.99346739666433,0.06250000000000001,-0.9902141211405906,0.43746871894773187
advection,untrained,-1,5,5.0990195135927845,0.0032511239485586985,0.49997338059110313,damped,0.990026254042921,0.078125,-0.9867751300943624,0.42184838059110313
advection,untrained,0,0,0.0,0.003251727150086481,0.5,damped,1.0,0.0,-0.9967482728499135,0.5
advection,untrained,0,1,1.0,0.0032533365523939716,0.49990586984247937,damped,0.9996145428857715,0.015625,-0.9963612063333774,0.48428086984247937
advection,untrained,0,2,2.0,0.0032544753922113183,0.49995511224987627,damped,0.9984590627771489,0.03125,-0.9952045873849376,0.46870511224987627
advection,untrained,0,3,3.0,0.003254220541301456,0.4999604513200918,damped,0.996536229942761,0.04687499999999999,-0.9932820094014596,0.4530854513200918
advection,untrained,0,4,4.0,0.0032530944786673625,0.49995524644614636,damped,0.9938504834036372,0.0625,-0.9905973889249698,0.43745524644614636
advection,untrained,0,5,5.0,0.003253867417535283,0.4999557967312535,damped,0.9904080138578515,0.078125,-0.9871541464403162,0.4218307967312535
advection,untrained,0,6,6.0,0.0032525125126974226,0.49990969732431767,damped,0.9862167399039081,0.09375,-0.9829642273912107,0.40615969732431767
advection,untrained,1,0,1.0,0.0032516294633811887,0.4999624919498449,damped,0.9996145428857715,0.0,-0.9963629134223903,0.4999624919498449
advection,untrained,1,1,1.4142135623730951,0.0032539241859047495,0.4999995185171284,damped,0.9992292343487298,0.015625,-0.995975310162825,0.4843745185171284
advection,untrained,1,2,2.23606797749979,0.0032518870715412943,0.4999358255623555,damped,0.9980741996281355,0.031249999999999997,-0.9948223125565941,0.4686858255623555
advection,untrained,1,3,3.1622776601683795,0.003252610193969809,0.4999321735846197,damped,0.9961521079633432,0.04687499999999999,-0.9928994977693734,0.4530571735846197
advection,untrained,1,4,4.123105625617661,0.0032530885810688193,0.49998694765105767,damped,0.99346739666433,0.06250000000000001,-0.9902143080832613,0.43748694765105767
advection,untrained,1,5,5.0990195135927845,0.003254201343881388,0.4999813877338631,damped,0.990026254042921,0.078125,-0.9867720526990396,0.4218563877338631
advection,untrained,2,0,2.0,0.003252833977601777,0.4999782964245092,damped,0.9984590627771489,0.0,-0.9952062287995471,0.4999782964245092
advection,untrained,2,1,2.23606797749979,0.003249755340563873,0.49998005416475366,damped,0.9980741996281355,0.015625,-0.9948244442875717,0.48435505416475366
advection,untrained,2,2,2.8284271247461903,0.0032523297103975663,0.4999554938495753,damped,0.9969205000418225,0.031249999999999997,-0.993668170331425,0.4687054938495753
advection,untrained,2,3,3.605551275463989,0.003251717545983361,0.49997054440223654,damped,0.9950006301721226,0.046875,-0.9917489126261392,0.45309554440223654
advection,untrained,2,4,4.47213595499958,0.0032530427421044155,0.499937908317222,damped,0.992319022199812,0.06250000000000001,-0.9890659794577077,0.437437908317222
advection,untrained,2,5,5.385164807134504,0.003253834089918787,0.49999464012363964,damped,0.988881857283488,0.078125,-0.9856280231935692,0.42186964012363964
advection,untrained,3,0,3.0,0.003253734307213091,0.4999342173342259,damped,0.9965362299427611,0.0,-0.993282495635548,0.4999342173342259
advection,untrained,3,1,3.1622776601683795,0.0032516313668371054,0.4999353327560534,damped,0.9961521079633432,0.015625,-0.992900476596506,0.4843103327560534
advection,untrained,3,2,3.605551275463989,0.0032521689347216817,0.4999377247923719,damped,0.9950006301721226,0.03125,-0.9917484612374009,0.4686877247923719
advection,untrained,3,3,4.242640687119285,0.0032516367638648178,0.49995533725719427,damped,0.9930844575885316,0.04687499999999999,-0.9898328208246667,0.45308033725719427
advection,untrained,3,4,5.0,0.003253687387431728,0.4999273007642506,damped,0.9904080138578515,0.06250000000000001,-0.9871543264704198,0.4374273007642506
advection,untrained,3,5,5.830951894845301,0.00325326120470688,0.4999459743774427,damped,0.9869774682350012,0.078125,-0.9837242070302943,0.4218209743774427
advection,untrained,4,0,4.0,0.0032507338601067168,0.4999255709619447,damped,0.9938504834036374,0.0,-0.9905997495435306,0.4999255709619447
advection,untrained,4,1,4.123105625617661,0.0032520599343397313,0.4999780757805359,damped,0.9934673966643301,0.015625,-0.9902153367299904,0.4843530757805359
advection,untrained,4,2,4.47213595499958,0.0032524943022774963,0.4999115302947425,damped,0.9923190221998122,0.031249999999999997,-0.9890665278975347,0.4686615302947425
advection,untrained,4,3,5.0,0.0032521330882908303,0.499964818691195,damped,0.9904080138578515,0.04687499999999999,-0.9871558807695606,0.453089818691195
advection,untrained,4,4,5.656854249492381,0.0032524731417318954,0.49993329178335516,damped,0.9877387833616438,0.06250000000000001,-0.9844863102199118,0.43743329178335516
advection,untrained,5,0,5.0,0.00325256047658578,0.499990713797897,damped,0.9904080138578515,0.0,-0.9871554533812658,0.499990713797897
advection,untrained,5,1,5.0990195135927845,0.0032529217972523065,0.49992360549427894,damped,0.990026254042921,0.015625,-0.9867733322456687,0.48429860549427894
advection,untrained,5,2,5.385164807134504,0.00325203820778508,0.49991487686281766,damped,0.9888818572834879,0.03125,-0.9856298190757028,0.46866487686281766
advection,untrained,5,3,5.830951894845301,0.003253846111271549,0.4998758150736698,damped,0.9869774682350012,0.046875,-0.9837236221237297,0.4530008150736698
advection,untrained,6,0,6.0,0.0032528533146050326,0.49999440702955117,damped,0.9862167399039081,0.0,-0.9829638865893031,0.49999440702955117
advection,shuffled,-6,0,6.0,0.001070016460261484,3.6791037681715537e-05,damped,0.9862167399039081,0.0,-0.9851467234436466,3.6791037681715537e-05
advection,shuffled,-5,0,5.0,0.0010166747157253565,0.0008898348652823402,damped,0.9904080138578515,0.0,-0.9893913391421262,0.0008898348652823402
advection,shuffled,-5,1,5.0990195135927845,0.001066919754307049,0.0003037275610613994,damped,0.990026254042921,0.015625,-0.9889593342886139,-0.015321272438938601
advection,shuffled,-5,2,5.385164807134504,0.0010663474907518882,0.00022249382348849103,damped,0.9888818572834879,0.03125,-0.987815509792736,-0.03102750617651151
advection,shuffled,-5,3,5.830951894845301,0.0010678869555568078,0.0003082812299588798,damped,0.9869774682350012,0.046875,-0.9859095812794444,-0.04656671877004112
advection,shuffled,-4,0,4.0,0.0012275647950422998,0.024561780530453832,damped,0.9938504834036374,0.0,-0.9926229186085951,0.024561780530453832
advection,shuffled,-4,1,4.123105625617661,0.0016824264223560003,0.02692229629330623,damped,0.9934673966643301,0.015625,-0.9917849702419741,0.011297296293306228
advection,shuffled,-4,2,4.47213595499958,0.0010700418950624635,0.05070613006781007,damped,0.9923190221998122,0.031249999999999997,-0.9912489803047497,0.019456130067810076
advection,shuffled,-4,3,5.0,0.0002447484451635443,0.15297737198879954,damped,0.9904080138578515,0.04687499999999999,-0.990163265412688,0.10610237198879954
advection,shuffled,-4,4,5.656854249492381,0.0010284807539653277,0.03413024566100623,damped,0.9877387833616438,0.06250000000000001,-0.9867103026076784,-0.02836975433899378
advection,shuffled,-3,0,3.0,0.0010884718523746356,0.030802454915178638,damped,0.9965362299427611,0.0,-0.9954477580903865,0.030802454915178638
advection,shuffled,-3,1,3.1622776601683795,0.0012175360945672641,0.06185649416883563,damped,0.9961521079633432,0.015625,-0.9949345718687759,0.04623149416883563
advection,shuffled,-3,2,3.605551275463989,0.0007934984123873398,0.06686411512914993,damped,0.9950006301721226,0.03125,-0.9942071317597353,0.03561411512914993
advection,shuffled,-3,3,4.242640687119285,0.0016781743396105235,0.02590890627847377,damped,0.9930844575885316,0.04687499999999999,-0.9914062832489211,-0.020966093721526222
advection,shuffled,-3,4,5.0,0.0005293318358166589,0.11599355607447497,damped,0.9904080138578515,0.06250000000000001,-0.9898786820220349,0.05349355607447495
advection,shuffled,-3,5,5.830951894845301,0.0010901259415715156,0.04451768535519963,damped,0.9869774682350012,0.078125,-0.9858873422934297,-0.03360731464480037
advection,shuffled,-2,0,2.0,0.0006430340517685952,0.0010287123513718162,damped,0.9984590627771489,0.0,-0.9978160287253803,0.0010287123513718162
advection,shuffled,-2,1,2.23606797749979,0.0016281591358150132,0.01266334904361128,damped,0.9980741996281355,0.015625,-0.9964460404923204,-0.0029616509563887197
advection,shuffled,-2,2,2.8284271247461903,0.0010623642544706536,0.007897922759931003,damped,0.9969205000418225,0.031249999999999997,-0.9958581357873518,-0.02335207724006899
advection,shuffled,-2,3,3.605551275463989,0.001556610860710665,0.06415522451592799,damped,0.9950006301721226,0.046875,-0.9934440193114119,0.01728022451592799
advection,shuffled,-2,4,4.47213595499958,0.001023273962796179,0.07913640413109807,damped,0.992319022199812,0.06250000000000001,-0.9912957482370158,0.016636404131098056
advection,shuffled,-2,5,5.385164807134504,0.0008841763903762312,0.03227919998155816,damped,0.988881857283488,0.078125,-0.9879976808931118,-0.04584580001844184
advection,shuffled,-1,0,1.0,0.0007634081948910414,0.014940657035985539,damped,0.9996145428857715,0.0,-0.9988511346908804,0.014940657035985539
advection,shuffled,-1,1,1.4142135623730951,0.001387407741384923,0.019082705548629814,damped,0.9992292343487298,0.015625,-0.9978418266073449,0.0034577055486298136
advection,shuffled,-1,2,2.23606797749979,0.0012088607293293334,0.1072526309525777,damped,0.9980741996281355,0.031249999999999997,-0.9968653388988061,0.0760026309525777
advection,shuffled,-1,3,3.1622776601683795,0.0006648411980620971,0.05120864695234256,damped,0.9961521079633432,0.04687499999999999,-0.9954872667652811,0.004333646952342569
advection,shuffled,-1,4,4.123105625617661,0.0009859088770478141,0.036720654828233064,damped,0.99346739666433,0.06250000000000001,-0.9924814877872822,-0.02577934517176695
advection,shuffled,-1,5,5.0990195135927845,0.0012070453441971208,0.01781204645576648,damped,0.990026254042921,0.078125,-0.9888192086987239,-0.06031295354423352
advection,shuffled,0,0,0.0,0.000837986549831804,0.0,damped,1.0,0.0,-0.9991620134501682,0.0
advection,shuffled,0,1,1.0,0.0008562457499566092,0.00020403633304656306,damped,0.9996145428857715,0.015625,-0.9987582971358149,-0.015420963666953436
advection,shuffled,0,2,2.0,0.00022913580278395264,0.12396970733504999,damped,0.9984590627771489,0.03125,-0.998229926974365,0.09271970733504999
advection,shuffled,0,3,3.0,0.0006941576885421424,0.04161442978554484,damped,0.996536229942761,0.04687499999999999,-0.9958420722542188,-0.005260570214455154
advection,shuffled,0,4,4.0,0.0010282607907602845,0.0007449162952669312,damped,0.9938504834036372,0.0625,-0.992822222612877,-0.061755083704733066
advection,shuffled,0,5,5.0,0.0009161347891691587,0.08136474454472338,damped,0.9904080138578515,0.078125,-0.9894918790686823,0.0032397445447233802
advection,shuffled,0,6,6.0,0.0008435540729688295,0.00961520619744901,damped,0.9862167399039081,0.09375,-0.9853731858309392,-0.08413479380255098
advection,shuffled,1,0,1.0,0.0007630089041612539,0.015024398809489522,damped,0.9996145428857715,0.0,-0.9988515339816102,0.015024398809489522
advection,shuffled,1,1,1.4142135623730951,0.0014061532176123646,0.030115070559824295,damped,0.9992292343487298,0.015625,-0.9978230811311174,0.014490070559824295
advection,shuffled,1,2,2.23606797749979,0.0008635818574417888,0.10175075985132179,damped,0.9980741996281355,0.031249999999999997,-0.9972106177706936,0.07050075985132179
advection,shuffled,1,3,3.1622776601683795,0.001097969578999892,0.01747193237169624,damped,0.9961521079633432,0.04687499999999999,-0.9950541383843433,-0.029403067628303754
advection,shuffled,1,4,4.123105625617661,0.0008568797232834705,0.0007064147579758719,damped,0.99346739666433,0.06250000000000001,-0.9926105169410465,-0.06179358524202414
advection,shuffled,1,5,5.0990195135927845,0.001002492171506705,0.00933922281757503,damped,0.990026254042921,0.078125,-0.9890237618714143,-0.06878577718242497
advection,shuffled,2,0,2.0,0.0006416165961199365,0.001173599852578441,damped,0.9984590627771489,0.0,-0.997817446181029,0.001173599852578441
advection,shuffled,2,1,2.23606797749979,0.0017528868262435692,0.004959279016089126,damped,0.9980741996281355,0.015625,-0.996321312801892,-0.010665720983910873
advection,shuffled,2,2,2.8284271247461903,0.0005825196924283098,0.0978222392846891,damped,0.9969205000418225,0.031249999999999997,-0.9963379803493942,0.0665722392846891
advection,shuffled,2,3,3.605551275463989,0.0021290314310320625,0.055816398476478304,damped,0.9950006301721226,0.046875,-0.9928715987410905,0.008941398476478304
advection,shuffled,2,4,4.47213595499958,0.000974023724081676,0.1284550049299192,damped,0.992319022199812,0.06250000000000001,-0.9913449984757303,0.0659550049299192
advection,shuffled,2,5,5.385164807134504,0.0006835146300017052,0.06210124028630934,damped,0.988881857283488,0.078125,-0.9881983426534863,-0.01602375971369066
advection,shuffled,3,0,3.0,0.0010876943591422432,0.03095284566120355,damped,0.9965362299427611,0.0,-0.9954485355836189,0.03095284566120355
advection,shuffled,3,1,3.1622776601683795,0.0018244523374033943,0.00626046324983716,damped,0.9961521079633432,0.015625,-0.9943276556259398,-0.009364536750162841
advection,shuffled,3,2,3.605551275463989,0.0005423936213597295,0.053472284892168744,damped,0.9950006301721226,0.03125,-0.9944582365507628,0.022222284892168744
advection,shuffled,3,3,4.242640687119285,0.0017701901660757018,0.06770124518637695,damped,0.9930844575885316,0.04687499999999999,-0.9913142674224559,0.020826245186376956
advection,shuffled,3,4,5.0,0.0010618352781881551,0.06923368384930398,damped,0.9904080138578515,0.06250000000000001,-0.9893461785796633,0.006733683849303965
advection,shuffled,3,5,5.830951894845301,0.0007471564544681048,0.0588398798450645,damped,0.9869774682350012,0.078125,-0.9862303117805331,-0.019285120154935498
advection,shuffled,4,0,4.0,0.0012281199261411915,0.024799542286845652,damped,0.9938504834036374,0.0,-0.9926223634774961,0.024799542286845652
advection,shuffled,4,1,4.123105625617661,0.0011869926825105273,0.007588344334881011,damped,0.9934673966643301,0.015625,-0.9922804039818196,-0.008036655665118988
advection,shuffled,4,2,4.47213595499958,0.0006360391927609936,0.11888684678435235,damped,0.9923190221998122,0.031249999999999997,-0.9916829830070512,0.08763684678435235
advection,shuffled,4,3,5.0,0.0005162176825019419,0.009683756322786867,damped,0.9904080138578515,0.04687499999999999,-0.9898917961753495,-0.037191243677213125
advection,shuffled,4,4,5.656854249492381,0.0012323948791161143,0.02669192828950152,damped,0.9877387833616438,0.06250000000000001,-0.9865063884825277,-0.03580807171049849
advection,shuffled,5,0,5.0,0.0010180469240703663,0.0008362071209598915,damped,0.9904080138578515,0.0,-0.9893899669337811,0.0008362071209598915
advection,shuffled,5,1,5.0990195135927845,0.0015265722844493765,0.07014113140349472,damped,0.990026254042921,0.015625,-0.9884996817584716,0.05451613140349472
advection,shuffled,5,2,5.385164807134504,0.0009081495013120407,0.010472008694821183,damped,0.9888818572834879,0.03125,-0.9879737077821759,-0.020777991305178815
advection,shuffled,5,3,5.830951894845301,0.0003142432423953404,0.20886744176282843,damped,0.9869774682350012,0.046875,-0.9866632249926058,0.16199244176282843
advection,shuffled,6,0,6.0,0.0010702307331067944,4.2385444962274405e-05,damped,0.9862167399039081,0.0,-0.9851465091708014,4.2385444962274405e-05
advection,resampled,-6,0,6.0,0.005174329720266187,4.563442962225527e-05,damped,0.9862167399039081,0.0,-0.9810424101836419,4.563442962225527e-05
advection,resampled,-5,0,5.0,0.005115715290969362,0.0009527982204447987,damped,0.9904080138578515,0.0,-0.9852922985668822,0.0009527982204447987
advection,resampled,-5,1,5.0990195135927845,0.005185051393746845,3.89019931492198e-05,damped,0.990026254042921,0.015625,-0.9848412026491742,-0.01558609800685078
advection,resampled,-5,2,5.385164807134504,0.005173116630490013,6.194964655589195e-05,damped,0.9888818572834879,0.03125,-0.9837087406529978,-0.03118805035344411
advection,resampled,-5,3,5.830951894845301,0.005171333183526802,5.90418086922158e-06,damped,0.9869774682350012,0.046875,-0.9818061350514744,-0.04686909581913078
advection,resampled,-4,0,4.0,0.0043632825610933484,0.022213200381124943,damped,0.9938504834036374,0.0,-0.989487200842544,0.022213200381124943
advection,resampled,-4,1,4.123105625617661,0.004471477496588397,0.00649970006028118,damped,0.9934673966643301,0.015625,-0.9889959191677418,-0.00912529993971882
advection,resampled,-4,2,4.47213595499958,0.005578570048469397,0.03455219765841615,damped,0.9923190221998122,0.031249999999999997,-0.9867404521513428,0.0033021976584161512
advection,resampled,-4,3,5.0,0.005146175966835406,0.012583732360978851,damped,0.9904080138578515,0.04687499999999999,-0.9852618378910161,-0.03429126763902114
advection,resampled,-4,4,5.656854249492381,0.005298853927669415,0.00797585839141146,damped,0.9877387833616438,0.06250000000000001,-0.9824399294339744,-0.05452414160858855
advection,resampled,-3,0,3.0,0.004894935519157667,0.0054318726162947495,damped,0.9965362299427611,0.0,-0.9916412944236035,0.0054318726162947495
advection,resampled,-3,1,3.1622776601683795,0.004290927697980354,0.009218426326544656,damped,0.9961521079633432,0.015625,-0.9918611802653629,-0.006406573673455344
advection,resampled,-3,2,3.605551275463989,0.005796740717145016,0.01597273752517096,damped,0.9950006301721226,0.03125,-0.9892038894549776,-0.01527726247482904
advection,resampled,-3,3,4.242640687119285,0.004846483211514093,0.001033351938779857,damped,0.9930844575885316,0.04687499999999999,-0.9882379743770175,-0.04584164806122014
advection,resampled,-3,4,5.0,0.005231737891274277,0.007970226753207776,damped,0.9904080138578515,0.06250000000000001,-0.9851762759665772,-0.054529773246792236
advection,resampled,-3,5,5.830951894845301,0.005578600575493454,0.003584725336977353,damped,0.9869774682350012,0.078125,-0.9813988676595078,-0.07454027466302264
advection,resampled,-2,0,2.0,0.004432505120251179,0.01189117189454736,damped,0.9984590627771489,0.0,-0.9940265576568977,0.01189117189454736
advection,resampled,-2,1,2.23606797749979,0.005009941121891439,0.0006635335279650386,damped,0.9980741996281355,0.015625,-0.993064258506244,-0.014961466472034961
advection,resampled,-2,2,2.8284271247461903,0.005904401647107363,0.009118642753786177,damped,0.9969205000418225,0.031249999999999997,-0.9910160983947152,-0.022131357246213818
advection,resampled,-2,3,3.605551275463989,0.004803062491200951,0.04485286547545069,damped,0.9950006301721226,0.046875,-0.9901975676809216,-0.0020221345245493086
advection,resampled,-2,4,4.47213595499958,0.006312700791923213,0.004888315851147683,damped,0.992319022199812,0.06250000000000001,-0.9860063214078888,-0.05761168414885233
advection,resampled,-2,5,5.385164807134504,0.0057968715350615605,0.005246831094012717,damped,0.988881857283488,0.078125,-0.9830849857484264,-0.07287816890598728
advection,resampled,-1,0,1.0,0.005010969105159122,0.004869299570647908,damped,0.9996145428857715,0.0,-0.9946035737806124,0.004869299570647908
advection,resampled,-1,1,1.4142135623730951,0.004881529165997714,1.0739635970728227e-05,damped,0.9992292343487298,0.015625,-0.9943477051827321,-0.015614260364029272
advection,resampled,-1,2,2.23606797749979,0.00559656475352494,0.00018322515619311337,damped,0.9980741996281355,0.031249999999999997,-0.9924776348746105,-0.031066774843806884
advection,resampled,-1,3,3.1622776601683795,0.004913480248947999,0.0034247707691579506,damped,0.9961521079633432,0.04687499999999999,-0.9912386277143952,-0.04345022923084204
advection,resampled,-1,4,4.123105625617661,0.005603514023463547,0.009275799653911083,damped,0.99346739666433,0.06250000000000001,-0.9878638826408664,-0.053224200346088935
advection,resampled,-1,5,5.0990195135927845,0.005211180800483224,0.019871073695519756,damped,0.990026254042921,0.078125,-0.9848150732424378,-0.058253926304480244
advection,resampled,0,0,0.0,0.005776731594323792,0.0,damped,1.0,0.0,-0.9942232684056762,0.0
advection,resampled,0,1,1.0,0.005541133188251901,0.018603523814422887,damped,0.9996145428857715,0.015625,-0.9940734096975196,0.002978523814422887
advection,resampled,0,2,2.0,0.004534382666466848,0.0031797892208519766,damped,0.9984590627771489,0.03125,-0.993924680110682,-0.028070210779148022
advection,resampled,0,3,3.0,0.004922051095794843,0.005270182035412948,damped,0.996536229942761,0.04687499999999999,-0.9916141788469662,-0.041604817964587044
advection,resampled,0,4,4.0,0.004821878104628254,0.00239775673038803,damped,0.9938504834036372,0.0625,-0.9890286052990089,-0.06010224326961197
advection,resampled,0,5,5.0,0.005294693573759575,0.006683178431117017,damped,0.9904080138578515,0.078125,-0.9851133202840919,-0.07144182156888298
advection,resampled,0,6,6.0,0.004875096181951537,0.0016217077536535764,damped,0.9862167399039081,0.09375,-0.9813416437219565,-0.09212829224634643
advection,resampled,1,0,1.0,0.0050083875890128025,0.004899903347260852,damped,0.9996145428857715,0.0,-0.9946061552967587,0.004899903347260852
advection,resampled,1,1,1.4142135623730951,0.004781232743731547,0.0020841180472783356,damped,0.9992292343487298,0.015625,-0.9944480016049982,-0.013540881952721665
advection,resampled,1,2,2.23606797749979,0.005337198099276091,0.016093895612420524,damped,0.9980741996281355,0.031249999999999997,-0.9927370015288594,-0.015156104387579472
advection,resampled,1,3,3.1622776601683795,0.005407863010445955,0.0005015000778096355,damped,0.9961521079633432,0.04687499999999999,-0.9907442449528973,-0.04637349992219036
advection,resampled,1,4,4.123105625617661,0.005301446101347693,0.00020617907404371833,damped,0.99346739666433,0.06250000000000001,-0.9881659505629824,-0.0622938209259563
advection,resampled,1,5,5.0990195135927845,0.005399551521343628,0.011710416845855743,damped,0.990026254042921,0.078125,-0.9846267025215774,-0.06641458315414425
advection,resampled,2,0,2.0,0.004431053525993909,0.011895776482618234,damped,0.9984590627771489,0.0,-0.994028009251155,0.011895776482618234
advection,resampled,2,1,2.23606797749979,0.005554235596613614,0.004682022070105004,damped,0.9980741996281355,0.015625,-0.9925199640315219,-0.010942977929894996
advection,resampled,2,2,2.8284271247461903,0.005606322870296808,0.004142332842730581,damped,0.9969205000418225,0.031249999999999997,-0.9913141771715257,-0.027107667157269415
advection,resampled,2,3,3.605551275463989,0.005009524812934866,0.00115963960397074,damped,0.9950006301721226,0.046875,-0.9899911053591878,-0.04571536039602926
advection,resampled,2,4,4.47213595499958,0.005661258400067741,0.011432521214575418,damped,0.992319022199812,0.06250000000000001,-0.9866577637997443,-0.0510674787854246
advection,resampled,2,5,5.385164807134504,0.005663428270936288,0.006402341339324963,damped,0.988881857283488,0.078125,-0.9832184290125517,-0.07172265866067504
advection,resampled,3,0,3.0,0.004895566766775582,0.005390076518878536,damped,0.9965362299427611,0.0,-0.9916406631759855,0.005390076518878536
advection,resampled,3,1,3.1622776601683795,0.004225463061791828,0.013644643072230588,damped,0.9961521079633432,0.015625,-0.9919266449015514,-0.0019803569277694125
advection,resampled,3,2,3.605551275463989,0.0050667915970336215,0.02866878117442756,damped,0.9950006301721226,0.03125,-0.989933838575089,-0.00258121882557244
advection,resampled,3,3,4.242640687119285,0.0046972946420911,0.0044579076694398435,damped,0.9930844575885316,0.04687499999999999,-0.9883871629464405,-0.04241709233056015
advection,resampled,3,4,5.0,0.004866810338698184,0.018835979454612285,damped,0.9904080138578515,0.06250000000000001,-0.9855412035191533,-0.04366402054538773
advection,resampled,3,5,5.830951894845301,0.005025417421798284,0.0041142492218806705,damped,0.9869774682350012,0.078125,-0.9819520508132029,-0.07401075077811933
advection,resampled,4,0,4.0,0.00436389585483142,0.022300404695075823,damped,0.9938504834036374,0.0,-0.9894865875488059,0.022300404695075823
advection,resampled,4,1,4.123105625617661,0.005102284847327161,0.011889756217600966,damped,0.9934673966643301,0.015625,-0.988365111817003,-0.0037352437823990337
advection,resampled,4,2,4.47213595499958,0.0058849434287122,0.002370830937987277,damped,0.9923190221998122,0.031249999999999997,-0.9864340787711,-0.02887916906201272
advection,resampled,4,3,5.0,0.0050207545975156625,0.006590967406513638,damped,0.9904080138578515,0.04687499999999999,-0.9853872592603359,-0.040284032593486355
advection,resampled,4,4,5.656854249492381,0.00530904491486706,0.001848174877840374,damped,0.9877387833616438,0.06250000000000001,-0.9824297384467767,-0.06065182512215964
advection,resampled,5,0,5.0,0.005115007768722507,0.000968719694833823,damped,0.9904080138578515,0.0,-0.985293006089129,0.000968719694833823
advection,resampled,5,1,5.0990195135927845,0.005209413290860351,0.007002385389303031,damped,0.990026254042921,0.015625,-0.9848168407520607,-0.00862261461069697
advection,resampled,5,2,5.385164807134504,0.005329299475244408,0.013113486410806563,damped,0.9888818572834879,0.03125,-0.9835525578082435,-0.018136513589193437
advection,resampled,5,3,5.830951894845301,0.005420928347575084,0.008332784583339838,damped,0.9869774682350012,0.046875,-0.9815565398874261,-0.03854221541666016
advection,resampled,6,0,6.0,0.005172229214250272,8.518333729843665e-05,damped,0.9862167399039081,0.0,-0.9810445106896578,8.518333729843665e-05
